{
    "0": {
        "Alpha": -0.9303015934677695,
        "Distance": [
            0.0
        ],
        "GradNorm": [
            3.723433017730713
        ],
        "Loss": 1.1363791227340698,
        "Parameters": [
            [
                1.0,
                1.0
            ]
        ],
        "Time": 1620650671.311553,
        "epoch_count": 0,
        "learning_rate": 0.0072,
        "test_accuracy": 0.0,
        "test_loss": 1.1363791227340698,
        "train_accuracy": 0.0,
        "train_loss": 1.1363791227340698,
        "valid_accuracy": 0.0,
        "valid_loss": 1.1363791227340698
    },
    "1": {
        "Alpha": -0.9396567666023723,
        "Distance": [
            0.02680869959294796
        ],
        "GradNorm": [
            3.4642221927642822
        ],
        "Loss": 1.0400372743606567,
        "Parameters": [
            [
                1.008918046951294,
                0.9747180938720703
            ]
        ],
        "Time": 1620650671.6585186,
        "epoch_count": 1,
        "learning_rate": 0.006264,
        "test_accuracy": 0.0,
        "test_loss": 1.0400372743606567,
        "train_accuracy": 0.0,
        "train_loss": 1.0400372743606567,
        "valid_accuracy": 0.0,
        "valid_loss": 1.0400372743606567
    },
    "2": {
        "Alpha": -0.9477514911798917,
        "Distance": [
            0.04850753769278526
        ],
        "GradNorm": [
            3.255420684814453
        ],
        "Loss": 0.9671323299407959,
        "Parameters": [
            [
                1.0158647298812866,
                0.9541601538658142
            ]
        ],
        "Time": 1620650671.9716573,
        "epoch_count": 2,
        "learning_rate": 0.00544968,
        "test_accuracy": 0.0,
        "test_loss": 0.9671323299407959,
        "train_accuracy": 0.0,
        "train_loss": 0.9671323299407959,
        "valid_accuracy": 0.0,
        "valid_loss": 0.9671323299407959
    },
    "3": {
        "Alpha": -0.9547534797396083,
        "Distance": [
            0.06624608486890793
        ],
        "GradNorm": [
            3.085521697998047
        ],
        "Loss": 0.9108865261077881,
        "Parameters": [
            [
                1.0213385820388794,
                0.9372847080230713
            ]
        ],
        "Time": 1620650672.385605,
        "epoch_count": 3,
        "learning_rate": 0.0047412216,
        "test_accuracy": 0.0,
        "test_loss": 0.9108865261077881,
        "train_accuracy": 0.0,
        "train_loss": 0.9108865261077881,
        "valid_accuracy": 0.0,
        "valid_loss": 0.9108865261077881
    },
    "4": {
        "Alpha": -0.9608080874894505,
        "Distance": [
            0.0808713436126709
        ],
        "GradNorm": [
            2.946061611175537
        ],
        "Loss": 0.8667692542076111,
        "Parameters": [
            [
                1.025697112083435,
                0.923319935798645
            ]
        ],
        "Time": 1620650672.7715635,
        "epoch_count": 4,
        "learning_rate": 0.004124862791999999,
        "test_accuracy": 0.0,
        "test_loss": 0.8667692542076111,
        "train_accuracy": 0.0,
        "train_loss": 0.8667692542076111,
        "valid_accuracy": 0.0,
        "valid_loss": 0.8667692542076111
    },
    "5": {
        "Alpha": -0.9660441617731282,
        "Distance": [
            0.09301842749118805
        ],
        "GradNorm": [
            2.830718994140625
        ],
        "Loss": 0.8316696882247925,
        "Parameters": [
            [
                1.0292004346847534,
                0.9116837382316589
            ]
        ],
        "Time": 1620650673.2036047,
        "epoch_count": 5,
        "learning_rate": 0.00358863062904,
        "test_accuracy": 0.0,
        "test_loss": 0.8316696882247925,
        "train_accuracy": 0.0,
        "train_loss": 0.8316696882247925,
        "valid_accuracy": 0.0,
        "valid_loss": 0.8316696882247925
    },
    "6": {
        "Alpha": -0.9705719705240218,
        "Distance": [
            0.10317089408636093
        ],
        "GradNorm": [
            2.734689950942993
        ],
        "Loss": 0.8034024238586426,
        "Parameters": [
            [
                1.0320403575897217,
                0.9019303917884827
            ]
        ],
        "Time": 1620650673.6398127,
        "epoch_count": 6,
        "learning_rate": 0.0031221086472648,
        "test_accuracy": 0.0,
        "test_loss": 0.8034024238586426,
        "train_accuracy": 0.0,
        "train_loss": 0.8034024238586426,
        "valid_accuracy": 0.0,
        "valid_loss": 0.8034024238586426
    },
    "7": {
        "Alpha": -0.9744883440665079,
        "Distance": [
            0.11170236021280289
        ],
        "GradNorm": [
            2.654283285140991
        ],
        "Loss": 0.7803972959518433,
        "Parameters": [
            [
                1.0343602895736694,
                0.893713653087616
            ]
        ],
        "Time": 1620650674.0491302,
        "epoch_count": 7,
        "learning_rate": 0.0027162345231203757,
        "test_accuracy": 0.0,
        "test_loss": 0.7803972959518433,
        "train_accuracy": 0.0,
        "train_loss": 0.7803972959518433,
        "valid_accuracy": 0.0,
        "valid_loss": 0.7803972959518433
    },
    "8": {
        "Alpha": -0.9778768358358434,
        "Distance": [
            0.118905209004879
        ],
        "GradNorm": [
            2.5866219997406006
        ],
        "Loss": 0.7615050077438354,
        "Parameters": [
            [
                1.036268711090088,
                0.8867611885070801
            ]
        ],
        "Time": 1620650674.5111308,
        "epoch_count": 8,
        "learning_rate": 0.002363124035114727,
        "test_accuracy": 0.0,
        "test_loss": 0.7615050077438354,
        "train_accuracy": 0.0,
        "train_loss": 0.7615050077438354,
        "valid_accuracy": 0.0,
        "valid_loss": 0.7615050077438354
    },
    "9": {
        "Alpha": -0.9808097469757359,
        "Distance": [
            0.1250108778476715
        ],
        "GradNorm": [
            2.5294389724731445
        ],
        "Loss": 0.7458691000938416,
        "Parameters": [
            [
                1.0378484725952148,
                0.8808563351631165
            ]
        ],
        "Time": 1620650674.9243114,
        "epoch_count": 9,
        "learning_rate": 0.0020559179105498126,
        "test_accuracy": 0.0,
        "test_loss": 0.7458691000938416,
        "train_accuracy": 0.0,
        "train_loss": 0.7458691000938416,
        "valid_accuracy": 0.0,
        "valid_loss": 0.7458691000938416
    },
    "10": {
        "Alpha": -0.9833487718701801,
        "Distance": [
            0.1302044838666916
        ],
        "GradNorm": [
            2.4809319972991943
        ],
        "Loss": 0.7328413724899292,
        "Parameters": [
            [
                1.039163589477539,
                0.875825047492981
            ]
        ],
        "Time": 1620650675.3879187,
        "epoch_count": 10,
        "learning_rate": 0.001788648582178337,
        "test_accuracy": 0.0,
        "test_loss": 0.7328413724899292,
        "train_accuracy": 0.0,
        "train_loss": 0.7328413724899292,
        "valid_accuracy": 0.0,
        "valid_loss": 0.7328413724899292
    },
    "11": {
        "Alpha": -0.9855480734881414,
        "Distance": [
            0.1346355378627777
        ],
        "GradNorm": [
            2.4396450519561768
        ],
        "Loss": 0.721923828125,
        "Parameters": [
            [
                1.0402640104293823,
                0.8715261220932007
            ]
        ],
        "Time": 1620650675.7922058,
        "epoch_count": 11,
        "learning_rate": 0.0015561242664951529,
        "test_accuracy": 0.0,
        "test_loss": 0.721923828125,
        "train_accuracy": 0.0,
        "train_loss": 0.721923828125,
        "valid_accuracy": 0.0,
        "valid_loss": 0.721923828125
    },
    "12": {
        "Alpha": -0.9874538067743212,
        "Distance": [
            0.1384258270263672
        ],
        "GradNorm": [
            2.4044063091278076
        ],
        "Loss": 0.7127289772033691,
        "Parameters": [
            [
                1.0411889553070068,
                0.8678441047668457
            ]
        ],
        "Time": 1620650676.246536,
        "epoch_count": 12,
        "learning_rate": 0.001353828111850783,
        "test_accuracy": 0.0,
        "test_loss": 0.7127289772033691,
        "train_accuracy": 0.0,
        "train_loss": 0.7127289772033691,
        "valid_accuracy": 0.0,
        "valid_loss": 0.7127289772033691
    },
    "13": {
        "Alpha": -0.9891055201335582,
        "Distance": [
            0.14167527854442596
        ],
        "GradNorm": [
            2.374253988265991
        ],
        "Loss": 0.704951286315918,
        "Parameters": [
            [
                1.0419695377349854,
                0.8646839261054993
            ]
        ],
        "Time": 1620650676.650433,
        "epoch_count": 13,
        "learning_rate": 0.0011778304573101812,
        "test_accuracy": 0.0,
        "test_loss": 0.704951286315918,
        "train_accuracy": 0.0,
        "train_loss": 0.704951286315918,
        "valid_accuracy": 0.0,
        "valid_loss": 0.704951286315918
    },
    "14": {
        "Alpha": -0.9905379769263549,
        "Distance": [
            0.14446645975112915
        ],
        "GradNorm": [
            2.3483994007110596
        ],
        "Loss": 0.6983479261398315,
        "Parameters": [
            [
                1.042630672454834,
                0.8619667291641235
            ]
        ],
        "Time": 1620650677.0534894,
        "epoch_count": 14,
        "learning_rate": 0.0010247124978598578,
        "test_accuracy": 0.0,
        "test_loss": 0.6983479261398315,
        "train_accuracy": 0.0,
        "train_loss": 0.6983479261398315,
        "valid_accuracy": 0.0,
        "valid_loss": 0.6983479261398315
    },
    "15": {
        "Alpha": -0.9917806528740419,
        "Distance": [
            0.14686809480190277
        ],
        "GradNorm": [
            2.3261876106262207
        ],
        "Loss": 0.692723274230957,
        "Parameters": [
            [
                1.0431925058364868,
                0.8596267700195312
            ]
        ],
        "Time": 1620650677.5255952,
        "epoch_count": 15,
        "learning_rate": 0.0008914998731380762,
        "test_accuracy": 0.0,
        "test_loss": 0.692723274230957,
        "train_accuracy": 0.0,
        "train_loss": 0.692723274230957,
        "valid_accuracy": 0.0,
        "valid_loss": 0.692723274230957
    },
    "16": {
        "Alpha": -0.9928585217403647,
        "Distance": [
            0.14893750846385956
        ],
        "GradNorm": [
            2.3070743083953857
        ],
        "Loss": 0.6879190802574158,
        "Parameters": [
            [
                1.0436712503433228,
                0.85760897397995
            ]
        ],
        "Time": 1620650677.9430728,
        "epoch_count": 16,
        "learning_rate": 0.0007756048896301263,
        "test_accuracy": 0.0,
        "test_loss": 0.6879190802574158,
        "train_accuracy": 0.0,
        "train_loss": 0.6879190802574158,
        "valid_accuracy": 0.0,
        "valid_loss": 0.6879190802574158
    },
    "17": {
        "Alpha": -0.9937942122822595,
        "Distance": [
            0.1507229208946228
        ],
        "GradNorm": [
            2.2906014919281006
        ],
        "Loss": 0.6838055849075317,
        "Parameters": [
            [
                1.0440802574157715,
                0.8558669686317444
            ]
        ],
        "Time": 1620650678.4152498,
        "epoch_count": 17,
        "learning_rate": 0.0006747762539782099,
        "test_accuracy": 0.0,
        "test_loss": 0.6838055849075317,
        "train_accuracy": 0.0,
        "train_loss": 0.6838055849075317,
        "valid_accuracy": 0.0,
        "valid_loss": 0.6838055849075317
    },
    "18": {
        "Alpha": -0.9946064455369378,
        "Distance": [
            0.15226499736309052
        ],
        "GradNorm": [
            2.2763917446136475
        ],
        "Loss": 0.680276095867157,
        "Parameters": [
            [
                1.0444304943084717,
                0.8543615341186523
            ]
        ],
        "Time": 1620650678.8120582,
        "epoch_count": 18,
        "learning_rate": 0.0005870553409610426,
        "test_accuracy": 0.0,
        "test_loss": 0.680276095867157,
        "train_accuracy": 0.0,
        "train_loss": 0.680276095867157,
        "valid_accuracy": 0.0,
        "valid_loss": 0.680276095867157
    },
    "19": {
        "Distance": [
            0.15359820425510406
        ],
        "GradNorm": [
            2.2641165256500244
        ],
        "Loss": 0.6772421598434448,
        "Parameters": [
            [
                1.0447309017181396,
                0.8530593514442444
            ]
        ],
        "Time": 1620650679.2741997,
        "epoch_count": 19,
        "learning_rate": 0.0005107381466361071,
        "test_accuracy": 0.0,
        "test_loss": 0.6772421598434448,
        "train_accuracy": 0.0,
        "train_loss": 0.6772421598434448,
        "valid_accuracy": 0.0,
        "valid_loss": 0.6772421598434448
    },
    "20": {
        "epoch_count": 20,
        "learning_rate": 0.00044434218757341315,
        "test_accuracy": 0.0,
        "test_loss": 0.6746301651000977,
        "train_accuracy": 0.0,
        "train_loss": 0.6746301651000977,
        "valid_accuracy": 0.0,
        "valid_loss": 0.6746301651000977
    }
}