{
    "0": {
        "Alpha": 0.9360666411828134,
        "Distance": [
            0.0
        ],
        "GradNorm": [
            3.723433017730713
        ],
        "Loss": 1.1363791227340698,
        "Parameters": [
            [
                1.0,
                1.0
            ]
        ],
        "Time": 1620650662.7282732,
        "epoch_count": 0,
        "learning_rate": 0.2,
        "test_accuracy": 0.0,
        "test_loss": 1.1363791227340698,
        "train_accuracy": 0.0,
        "train_loss": 1.1363791227340698,
        "valid_accuracy": 0.0,
        "valid_loss": 1.1363791227340698
    },
    "1": {
        "Alpha": 0.9478815778539991,
        "Distance": [
            0.7446866035461426
        ],
        "GradNorm": [
            3.7115108966827393
        ],
        "Loss": 1.0477421283721924,
        "Parameters": [
            [
                1.247724175453186,
                0.29772448539733887
            ]
        ],
        "Time": 1620650662.9231317,
        "epoch_count": 1,
        "learning_rate": 0.2,
        "test_accuracy": 0.0,
        "test_loss": 1.0477421283721924,
        "train_accuracy": 0.0,
        "train_loss": 1.0477421283721924,
        "valid_accuracy": 0.0,
        "valid_loss": 1.0477421283721924
    },
    "2": {
        "Alpha": 0.9575629270157702,
        "Distance": [
            0.2595444917678833
        ],
        "GradNorm": [
            3.7018277645111084
        ],
        "Loss": 0.975947380065918,
        "Parameters": [
            [
                0.775227963924408,
                0.8702276349067688
            ]
        ],
        "Time": 1620650663.266972,
        "epoch_count": 2,
        "learning_rate": 0.2,
        "test_accuracy": 0.0,
        "test_loss": 0.975947380065918,
        "train_accuracy": 0.0,
        "train_loss": 0.975947380065918,
        "valid_accuracy": 0.0,
        "valid_loss": 0.975947380065918
    },
    "3": {
        "Alpha": 0.9654786606934653,
        "Distance": [
            0.8203298449516296
        ],
        "GradNorm": [
            3.6939644813537598
        ],
        "Loss": 0.9177936911582947,
        "Parameters": [
            [
                1.0454291105270386,
                0.1809290498495102
            ]
        ],
        "Time": 1620650663.63625,
        "epoch_count": 3,
        "learning_rate": 0.2,
        "test_accuracy": 0.0,
        "test_loss": 0.9177936911582947,
        "train_accuracy": 0.0,
        "train_loss": 0.9177936911582947,
        "valid_accuracy": 0.0,
        "valid_loss": 0.9177936911582947
    },
    "4": {
        "Alpha": 0.9719417835317286,
        "Distance": [
            0.4697759449481964
        ],
        "GradNorm": [
            3.687582492828369
        ],
        "Loss": 0.8706878423690796,
        "Parameters": [
            [
                0.5931621789932251,
                0.7651118636131287
            ]
        ],
        "Time": 1620650664.075195,
        "epoch_count": 4,
        "learning_rate": 0.2,
        "test_accuracy": 0.0,
        "test_loss": 0.8706878423690796,
        "train_accuracy": 0.0,
        "train_loss": 0.8706878423690796,
        "valid_accuracy": 0.0,
        "valid_loss": 0.8706878423690796
    },
    "5": {
        "Alpha": 0.9772085357950584,
        "Distance": [
            0.9213184118270874
        ],
        "GradNorm": [
            3.682406187057495
        ],
        "Loss": 0.832533597946167,
        "Parameters": [
            [
                0.8815699815750122,
                0.08632504940032959
            ]
        ],
        "Time": 1620650664.4721935,
        "epoch_count": 5,
        "learning_rate": 0.2,
        "test_accuracy": 0.0,
        "test_loss": 0.832533597946167,
        "train_accuracy": 0.0,
        "train_loss": 0.832533597946167,
        "valid_accuracy": 0.0,
        "valid_loss": 0.832533597946167
    },
    "6": {
        "Alpha": 0.9814970917919592,
        "Distance": [
            0.6400634050369263
        ],
        "GradNorm": [
            3.678208589553833
        ],
        "Loss": 0.8016279935836792,
        "Parameters": [
            [
                0.4456888735294342,
                0.6799682974815369
            ]
        ],
        "Time": 1620650664.871363,
        "epoch_count": 6,
        "learning_rate": 0.2,
        "test_accuracy": 0.0,
        "test_loss": 0.8016279935836792,
        "train_accuracy": 0.0,
        "train_loss": 0.8016279935836792,
        "valid_accuracy": 0.0,
        "valid_loss": 0.8016279935836792
    },
    "7": {
        "Alpha": 0.9849841507906156,
        "Distance": [
            1.0216566324234009
        ],
        "GradNorm": [
            3.6748039722442627
        ],
        "Loss": 0.7765949964523315,
        "Parameters": [
            [
                0.7488441467285156,
                0.00969550758600235
            ]
        ],
        "Time": 1620650665.3294861,
        "epoch_count": 7,
        "learning_rate": 0.2,
        "test_accuracy": 0.0,
        "test_loss": 0.7765949964523315,
        "train_accuracy": 0.0,
        "train_loss": 0.7765949964523315,
        "valid_accuracy": 0.0,
        "valid_loss": 0.7765949964523315
    },
    "8": {
        "Alpha": 0.9878191712621847,
        "Distance": [
            0.7779963612556458
        ],
        "GradNorm": [
            3.6720430850982666
        ],
        "Loss": 0.7563173174858093,
        "Parameters": [
            [
                0.3262353837490082,
                0.6110017895698547
            ]
        ],
        "Time": 1620650665.7327712,
        "epoch_count": 8,
        "learning_rate": 0.2,
        "test_accuracy": 0.0,
        "test_loss": 0.7563173174858093,
        "train_accuracy": 0.0,
        "train_loss": 0.7563173174858093,
        "valid_accuracy": 0.0,
        "valid_loss": 0.7563173174858093
    },
    "9": {
        "Alpha": 0.9901219247452198,
        "Distance": [
            1.111814260482788
        ],
        "GradNorm": [
            3.6698062419891357
        ],
        "Loss": 0.7398927807807922,
        "Parameters": [
            [
                0.6413360238075256,
                -0.05237412080168724
            ]
        ],
        "Time": 1620650666.1879888,
        "epoch_count": 9,
        "learning_rate": 0.2,
        "test_accuracy": 0.0,
        "test_loss": 0.7398927807807922,
        "train_accuracy": 0.0,
        "train_loss": 0.7398927807807922,
        "valid_accuracy": 0.0,
        "valid_loss": 0.7398927807807922
    },
    "10": {
        "Alpha": 0.9919902809209393,
        "Distance": [
            0.8897217512130737
        ],
        "GradNorm": [
            3.6679935455322266
        ],
        "Loss": 0.7265894412994385,
        "Parameters": [
            [
                0.2294783592224121,
                0.5551391839981079
            ]
        ],
        "Time": 1620650666.5949745,
        "epoch_count": 10,
        "learning_rate": 0.2,
        "test_accuracy": 0.0,
        "test_loss": 0.7265894412994385,
        "train_accuracy": 0.0,
        "train_loss": 0.7265894412994385,
        "valid_accuracy": 0.0,
        "valid_loss": 0.7265894412994385
    },
    "11": {
        "Alpha": 0.9935075726142981,
        "Distance": [
            1.1893389225006104
        ],
        "GradNorm": [
            3.6665244102478027
        ],
        "Loss": 0.7158130407333374,
        "Parameters": [
            [
                0.5542547702789307,
                -0.10265053063631058
            ]
        ],
        "Time": 1620650667.0454073,
        "epoch_count": 11,
        "learning_rate": 0.2,
        "test_accuracy": 0.0,
        "test_loss": 0.7158130407333374,
        "train_accuracy": 0.0,
        "train_loss": 0.7158130407333374,
        "valid_accuracy": 0.0,
        "valid_loss": 0.7158130407333374
    },
    "12": {
        "Alpha": 0.9947380436812863,
        "Distance": [
            0.9802191257476807
        ],
        "GradNorm": [
            3.6653361320495605
        ],
        "Loss": 0.7070850729942322,
        "Parameters": [
            [
                0.15110529959201813,
                0.5098905563354492
            ]
        ],
        "Time": 1620650667.4483705,
        "epoch_count": 12,
        "learning_rate": 0.2,
        "test_accuracy": 0.0,
        "test_loss": 0.7070850729942322,
        "train_accuracy": 0.0,
        "train_loss": 0.7070850729942322,
        "valid_accuracy": 0.0,
        "valid_loss": 0.7070850729942322
    },
    "13": {
        "Alpha": 0.9957348646835462,
        "Distance": [
            1.2545324563980103
        ],
        "GradNorm": [
            3.664372682571411
        ],
        "Loss": 0.7000159025192261,
        "Parameters": [
            [
                0.48371919989585876,
                -0.1433747410774231
            ]
        ],
        "Time": 1620650667.845006,
        "epoch_count": 13,
        "learning_rate": 0.2,
        "test_accuracy": 0.0,
        "test_loss": 0.7000159025192261,
        "train_accuracy": 0.0,
        "train_loss": 0.7000159025192261,
        "valid_accuracy": 0.0,
        "valid_loss": 0.7000159025192261
    },
    "14": {
        "Alpha": 0.9965436662368332,
        "Distance": [
            1.0535224676132202
        ],
        "GradNorm": [
            3.663591146469116
        ],
        "Loss": 0.6942888498306274,
        "Parameters": [
            [
                0.08762258291244507,
                0.47323909401893616
            ]
        ],
        "Time": 1620650668.2900534,
        "epoch_count": 14,
        "learning_rate": 0.2,
        "test_accuracy": 0.0,
        "test_loss": 0.6942888498306274,
        "train_accuracy": 0.0,
        "train_loss": 0.6942888498306274,
        "valid_accuracy": 0.0,
        "valid_loss": 0.6942888498306274
    },
    "15": {
        "Alpha": 0.9971999990916263,
        "Distance": [
            1.3086750507354736
        ],
        "GradNorm": [
            3.6629583835601807
        ],
        "Loss": 0.6896499395370483,
        "Parameters": [
            [
                0.426584929227829,
                -0.17636118829250336
            ]
        ],
        "Time": 1620650668.684249,
        "epoch_count": 15,
        "learning_rate": 0.2,
        "test_accuracy": 0.0,
        "test_loss": 0.6896499395370483,
        "train_accuracy": 0.0,
        "train_loss": 0.6896499395370483,
        "valid_accuracy": 0.0,
        "valid_loss": 0.6896499395370483
    },
    "16": {
        "Alpha": 0.9977316548590618,
        "Distance": [
            1.1128978729248047
        ],
        "GradNorm": [
            3.662447452545166
        ],
        "Loss": 0.6858931183815002,
        "Parameters": [
            [
                0.03620191663503647,
                0.4435514807701111
            ]
        ],
        "Time": 1620650669.1400273,
        "epoch_count": 16,
        "learning_rate": 0.2,
        "test_accuracy": 0.0,
        "test_loss": 0.6858931183815002,
        "train_accuracy": 0.0,
        "train_loss": 0.6858931183815002,
        "valid_accuracy": 0.0,
        "valid_loss": 0.6858931183815002
    },
    "17": {
        "Alpha": 0.9981612179395742,
        "Distance": [
            1.35330069065094
        ],
        "GradNorm": [
            3.662032127380371
        ],
        "Loss": 0.6828504800796509,
        "Parameters": [
            [
                0.3803064823150635,
                -0.20308049023151398
            ]
        ],
        "Time": 1620650669.555978,
        "epoch_count": 17,
        "learning_rate": 0.2,
        "test_accuracy": 0.0,
        "test_loss": 0.6828504800796509,
        "train_accuracy": 0.0,
        "train_loss": 0.6828504800796509,
        "valid_accuracy": 0.0,
        "valid_loss": 0.6828504800796509
    },
    "18": {
        "Alpha": 0.9985110775953918,
        "Distance": [
            1.1609920263290405
        ],
        "GradNorm": [
            3.6616950035095215
        ],
        "Loss": 0.6803845167160034,
        "Parameters": [
            [
                -0.00544887175783515,
                0.41950443387031555
            ]
        ],
        "Time": 1620650670.0123127,
        "epoch_count": 18,
        "learning_rate": 0.2,
        "test_accuracy": 0.0,
        "test_loss": 0.6803845167160034,
        "train_accuracy": 0.0,
        "train_loss": 0.6803845167160034,
        "valid_accuracy": 0.0,
        "valid_loss": 0.6803845167160034
    },
    "19": {
        "Distance": [
            1.389902949333191
        ],
        "GradNorm": [
            3.661423444747925
        ],
        "Loss": 0.6783879995346069,
        "Parameters": [
            [
                0.3428207337856293,
                -0.22472278773784637
            ]
        ],
        "Time": 1620650670.427461,
        "epoch_count": 19,
        "learning_rate": 0.2,
        "test_accuracy": 0.0,
        "test_loss": 0.6783879995346069,
        "train_accuracy": 0.0,
        "train_loss": 0.6783879995346069,
        "valid_accuracy": 0.0,
        "valid_loss": 0.6783879995346069
    },
    "20": {
        "epoch_count": 20,
        "learning_rate": 0.2,
        "test_accuracy": 0.0,
        "test_loss": 0.6767711043357849,
        "train_accuracy": 0.0,
        "train_loss": 0.6767711043357849,
        "valid_accuracy": 0.0,
        "valid_loss": 0.6767711043357849
    }
}