{
    "testproblem": "fmnist_mlp",
    "batch_size": 128,
    "num_epochs": 100,
    "random_seed": 42,
    "l2_reg": 0.0,
    "optimizer_name": "SGD",
    "optimizer_hyperparams": {
        "lr": 0.5
    },
    "train_losses": [
        2.302115831619654,
        0.49104022139158005,
        0.3888766314738836,
        0.39387541378919894,
        0.4251195620267819,
        0.3287601765149679,
        0.29852428841285217,
        0.2842445314312593,
        0.28287493055447555,
        0.27405109504858655,
        0.2586499083882723,
        0.25424842421825117,
        0.22763141540762705,
        0.22519459288853866,
        0.25290522151268446,
        0.22694067370433074,
        0.20013080374934736,
        0.20295575719613296,
        0.21273897483180731,
        0.2118203743146016,
        0.19890709765828574,
        0.20313401739948836,
        0.18589834314890397,
        0.18755071858565012,
        0.18594458040136558,
        0.1766605346630781,
        0.15393444699927783,
        NaN,
        NaN,
        NaN,
        NaN,
        NaN,
        NaN,
        NaN,
        NaN,
        NaN,
        NaN,
        NaN,
        NaN,
        NaN,
        NaN,
        NaN,
        NaN,
        NaN,
        NaN,
        NaN,
        NaN,
        NaN,
        NaN,
        NaN,
        NaN,
        NaN,
        NaN,
        NaN,
        NaN,
        NaN,
        NaN,
        NaN,
        NaN,
        NaN,
        NaN,
        NaN,
        NaN,
        NaN,
        NaN,
        NaN,
        NaN,
        NaN,
        NaN,
        NaN,
        NaN,
        NaN,
        NaN,
        NaN,
        NaN,
        NaN,
        NaN,
        NaN,
        NaN,
        NaN,
        NaN,
        NaN,
        NaN,
        NaN,
        NaN,
        NaN,
        NaN,
        NaN,
        NaN,
        NaN,
        NaN,
        NaN,
        NaN,
        NaN,
        NaN,
        NaN,
        NaN,
        NaN,
        NaN,
        NaN,
        NaN
    ],
    "valid_losses": [
        2.302427447759188,
        0.4856447267990846,
        0.40521998130358183,
        0.4168288841461524,
        0.4413762472760983,
        0.3599040491076616,
        0.3385925948237761,
        0.3337932976010518,
        0.3308798707066438,
        0.3289685064019301,
        0.3218625850784473,
        0.3184247238513751,
        0.29728684574365616,
        0.31699999211690366,
        0.3334763785585379,
        0.3119427395554689,
        0.31407430099371153,
        0.29990472682775593,
        0.32221841735717577,
        0.32593226471008396,
        0.3409426063299179,
        0.3269416202719395,
        0.3214266730042604,
        0.33025505393743515,
        0.34003930300092083,
        0.32668548020032734,
        0.31329708345807517,
        NaN,
        NaN,
        NaN,
        NaN,
        NaN,
        NaN,
        NaN,
        NaN,
        NaN,
        NaN,
        NaN,
        NaN,
        NaN,
        NaN,
        NaN,
        NaN,
        NaN,
        NaN,
        NaN,
        NaN,
        NaN,
        NaN,
        NaN,
        NaN,
        NaN,
        NaN,
        NaN,
        NaN,
        NaN,
        NaN,
        NaN,
        NaN,
        NaN,
        NaN,
        NaN,
        NaN,
        NaN,
        NaN,
        NaN,
        NaN,
        NaN,
        NaN,
        NaN,
        NaN,
        NaN,
        NaN,
        NaN,
        NaN,
        NaN,
        NaN,
        NaN,
        NaN,
        NaN,
        NaN,
        NaN,
        NaN,
        NaN,
        NaN,
        NaN,
        NaN,
        NaN,
        NaN,
        NaN,
        NaN,
        NaN,
        NaN,
        NaN,
        NaN,
        NaN,
        NaN,
        NaN,
        NaN,
        NaN,
        NaN
    ],
    "test_losses": [
        2.3022368473884387,
        0.5111363304731174,
        0.4310796509186427,
        0.4517751611196078,
        0.4708436108552493,
        0.38938173670799303,
        0.36744836412179166,
        0.36524959940176743,
        0.3576621317710632,
        0.35625397089200145,
        0.33907266400563413,
        0.34455745285138106,
        0.3243379566149834,
        0.3358786677320798,
        0.3613757479649324,
        0.3325111755193808,
        0.32709038238494825,
        0.3273670304662142,
        0.3421721670490045,
        0.344683221135384,
        0.3604766078866445,
        0.34280757758861935,
        0.3405911823113759,
        0.34876435651228976,
        0.3681599877965756,
        0.3506415644899393,
        0.3319095220321264,
        NaN,
        NaN,
        NaN,
        NaN,
        NaN,
        NaN,
        NaN,
        NaN,
        NaN,
        NaN,
        NaN,
        NaN,
        NaN,
        NaN,
        NaN,
        NaN,
        NaN,
        NaN,
        NaN,
        NaN,
        NaN,
        NaN,
        NaN,
        NaN,
        NaN,
        NaN,
        NaN,
        NaN,
        NaN,
        NaN,
        NaN,
        NaN,
        NaN,
        NaN,
        NaN,
        NaN,
        NaN,
        NaN,
        NaN,
        NaN,
        NaN,
        NaN,
        NaN,
        NaN,
        NaN,
        NaN,
        NaN,
        NaN,
        NaN,
        NaN,
        NaN,
        NaN,
        NaN,
        NaN,
        NaN,
        NaN,
        NaN,
        NaN,
        NaN,
        NaN,
        NaN,
        NaN,
        NaN,
        NaN,
        NaN,
        NaN,
        NaN,
        NaN,
        NaN,
        NaN,
        NaN,
        NaN,
        NaN,
        NaN
    ],
    "minibatch_train_losses": [
        2.3018136024475098,
        1.9722832441329956,
        2.2952470779418945,
        2.897611141204834,
        1.7201926708221436,
        1.5623730421066284,
        1.4508144855499268,
        1.7002015113830566,
        0.9540066719055176,
        0.9842877388000488,
        0.9637114405632019,
        0.744621217250824,
        1.0206232070922852,
        0.7103816270828247,
        0.737969696521759,
        0.6741629242897034,
        0.7335628867149353,
        0.7126563191413879,
        0.7398964762687683,
        0.631027340888977,
        0.6739175319671631,
        1.008404016494751,
        0.684553861618042,
        0.6656364798545837,
        0.5759421586990356,
        0.5336241126060486,
        0.5833629369735718,
        0.639080822467804,
        0.5233570337295532,
        0.5335932970046997,
        0.8027099967002869,
        0.5348309874534607,
        0.40044817328453064,
        0.8617173433303833,
        0.49306461215019226,
        0.5045285820960999,
        0.5788347721099854,
        0.45650747418403625,
        0.5870988965034485,
        0.4443536698818207,
        0.562286376953125,
        0.6360793113708496,
        0.44839605689048767,
        0.45408883690834045,
        0.4219812750816345,
        0.6420220136642456,
        0.5606645345687866,
        0.6089276075363159,
        0.48010358214378357,
        0.6574066281318665,
        0.46146929264068604,
        0.4611669182777405,
        0.3761589527130127,
        0.5508086085319519,
        0.5035528540611267,
        0.3581838607788086,
        0.4217967689037323,
        0.5367393493652344,
        0.43433237075805664,
        0.4400569200515747,
        0.5143008232116699,
        0.4074574112892151,
        0.6623756885528564,
        0.3555765450000763,
        0.5128275752067566,
        0.46027013659477234,
        0.54501873254776,
        0.4129089117050171,
        0.41099876165390015,
        0.34595566987991333,
        0.4603930711746216,
        0.5114058256149292,
        0.45021486282348633,
        0.4176996350288391,
        0.37870585918426514,
        0.4644026756286621,
        0.39826881885528564,
        0.31184136867523193,
        0.2685682475566864,
        0.4014512598514557,
        0.3700374364852905,
        0.4510419964790344,
        0.42816197872161865,
        0.5305576920509338,
        0.49568110704421997,
        0.44637933373451233,
        0.30410611629486084,
        0.44909560680389404,
        0.344288170337677,
        0.30899959802627563,
        0.47896692156791687,
        0.30899763107299805,
        0.4957691729068756,
        0.4090226888656616,
        0.5632637739181519,
        0.4544123113155365,
        0.3853849470615387,
        0.5025065541267395,
        0.3302103579044342,
        0.3561374843120575,
        0.4627056419849396,
        0.5041530728340149,
        0.6275526881217957,
        0.5109342336654663,
        0.4210035502910614,
        0.3618270456790924,
        0.5260832905769348,
        0.42703452706336975,
        0.5783677101135254,
        0.3880593776702881,
        0.4482400715351105,
        0.2667701840400696,
        0.36650344729423523,
        0.41915178298950195,
        0.4522137939929962,
        0.5350768566131592,
        0.440093070268631,
        0.3220863938331604,
        0.32194697856903076,
        0.4259895384311676,
        0.3821563124656677,
        0.3643959164619446,
        0.32314130663871765,
        0.41677001118659973,
        0.5099500417709351,
        0.30882203578948975,
        0.3997814357280731,
        0.4595048427581787,
        0.29217368364334106,
        0.319204181432724,
        0.3735399842262268,
        0.33199819922447205,
        0.4460059404373169,
        0.4573513865470886,
        0.2392096072435379,
        0.34039074182510376,
        0.28702083230018616,
        0.3436943292617798,
        0.46149322390556335,
        0.2795724868774414,
        0.4840961694717407,
        0.3711077570915222,
        0.40358635783195496,
        0.3715594410896301,
        0.24446392059326172,
        0.514167308807373,
        0.3653106987476349,
        0.3462461233139038,
        0.28826311230659485,
        0.36558064818382263,
        0.5151304602622986,
        0.3079470992088318,
        0.2712475657463074,
        0.2786136567592621,
        0.34831100702285767,
        0.4900926351547241,
        0.29896992444992065,
        0.3721710741519928,
        0.4488696753978729,
        0.38448503613471985,
        0.23505543172359467,
        0.30784863233566284,
        0.3501622974872589,
        0.3934541642665863,
        0.4219949245452881,
        0.3268442451953888,
        0.4095550775527954,
        0.2927524447441101,
        0.49691343307495117,
        0.2905261218547821,
        0.35971513390541077,
        0.4396006166934967,
        0.30219030380249023,
        0.5103967189788818,
        0.40196824073791504,
        0.22594325244426727,
        0.283830463886261,
        0.37839099764823914,
        0.20550984144210815,
        0.3682521879673004,
        0.3655227720737457,
        0.28522032499313354,
        0.2865241467952728,
        0.37686511874198914,
        0.3772472143173218,
        0.33778682351112366,
        0.2332577258348465,
        0.3792673647403717,
        0.35429027676582336,
        0.22077861428260803,
        0.29909980297088623,
        0.4780504107475281,
        0.360799103975296,
        0.21841712296009064,
        0.2620125710964203,
        0.34484434127807617,
        0.3122090697288513,
        0.5356675386428833,
        0.2339106798171997,
        0.2511599063873291,
        0.3245006799697876,
        0.29041388630867004,
        0.31596726179122925,
        0.5097448825836182,
        0.16609692573547363,
        0.28987208008766174,
        0.34981945157051086,
        0.25187769532203674,
        0.24266847968101501,
        0.2662528157234192,
        0.2515479028224945,
        0.4328494369983673,
        0.30783745646476746,
        0.29049479961395264,
        0.38132956624031067,
        0.40327537059783936,
        0.3044756352901459,
        0.45632320642471313,
        0.3311466872692108,
        0.3350182771682739,
        0.4064575433731079,
        0.2558552920818329,
        0.27949967980384827,
        0.37427154183387756,
        0.2658921778202057,
        0.26786136627197266,
        0.2184613049030304,
        0.2910836935043335,
        0.25282180309295654,
        0.3220953345298767,
        0.2729930877685547,
        0.29269200563430786,
        0.34739094972610474,
        0.29498210549354553,
        0.30611106753349304,
        0.2525426745414734,
        0.25950881838798523,
        0.3582158386707306,
        0.2683776617050171,
        0.2180221527814865,
        0.3288002610206604,
        0.21635909378528595,
        0.41744464635849,
        0.40806111693382263,
        0.3579046428203583,
        0.32253313064575195,
        0.34562915563583374,
        0.3170912265777588,
        0.3910695016384125,
        0.29874444007873535,
        0.3601711094379425,
        0.23798824846744537,
        0.31778377294540405,
        0.34409061074256897,
        0.28215163946151733,
        1.039871096611023,
        0.3082936406135559,
        0.32958921790122986,
        0.2960452437400818,
        0.1739075779914856,
        0.37657612562179565,
        0.2456204742193222,
        0.24884876608848572,
        0.251490980386734,
        0.3179582357406616,
        0.39895957708358765,
        0.25812089443206787,
        0.29915550351142883,
        0.363819420337677,
        0.3498772084712982,
        0.2670992314815521,
        0.46627169847488403,
        0.29907917976379395,
        0.1993168592453003,
        0.2492353320121765,
        0.2584502398967743,
        0.2951625883579254,
        0.2684541642665863,
        0.27324897050857544,
        0.2810226082801819,
        0.36665722727775574,
        0.3216804563999176,
        0.23545311391353607,
        0.31757986545562744,
        0.3193453550338745,
        0.3872434198856354,
        0.19227275252342224,
        0.33014363050460815,
        0.4014272689819336,
        0.2830260396003723,
        0.42717909812927246,
        0.24340607225894928,
        0.3623688519001007,
        0.34760192036628723,
        0.2577644884586334,
        0.20737220346927643,
        0.21067498624324799,
        0.294906347990036,
        0.1588481068611145,
        0.2700396478176117,
        0.2591284215450287,
        0.27581992745399475,
        0.42907723784446716,
        0.14877861738204956,
        0.24035140872001648,
        0.3668535053730011,
        0.2703831195831299,
        0.284993439912796,
        0.22935958206653595,
        0.21780745685100555,
        0.2016414999961853,
        0.28834661841392517,
        0.23495230078697205,
        0.2849821150302887,
        0.4049387574195862,
        0.24970920383930206,
        0.27504101395606995,
        0.32420262694358826,
        0.2836819887161255,
        0.2560790479183197,
        0.2998228371143341,
        0.2176511436700821,
        0.26420703530311584,
        0.3277348279953003,
        0.18617285788059235,
        0.2926679849624634,
        0.47212284803390503,
        0.22958381474018097,
        0.2590794265270233,
        0.27533966302871704,
        0.26007604598999023,
        0.2366000860929489,
        0.25739941000938416,
        0.3495714068412781,
        0.20674873888492584,
        0.25942084193229675,
        0.29000675678253174,
        0.2730145752429962,
        0.3411749601364136,
        0.2200906127691269,
        0.29053372144699097,
        0.15994341671466827,
        0.29498159885406494,
        0.2719806730747223,
        0.27464529871940613,
        0.3003734350204468,
        0.24192306399345398,
        0.3454194962978363,
        0.3769848942756653,
        0.31785500049591064,
        0.22901499271392822,
        0.2629528343677521,
        0.1839650422334671,
        0.19744081795215607,
        0.30404430627822876,
        0.22583062946796417,
        0.2677173614501953,
        0.23929332196712494,
        0.1820286512374878,
        0.38130173087120056,
        0.27309665083885193,
        0.19195054471492767,
        0.2468341886997223,
        0.20777685940265656,
        0.3506026268005371,
        0.28734591603279114,
        0.2822999358177185,
        0.22379426658153534,
        0.2426561862230301,
        0.3969341218471527,
        0.18546520173549652,
        0.21392777562141418,
        0.28574442863464355,
        0.3352840542793274,
        0.18923194706439972,
        0.27027374505996704,
        0.15657208859920502,
        0.28222694993019104,
        0.17850682139396667,
        0.2590492367744446,
        0.2858266234397888,
        0.2231873869895935,
        0.29366955161094666,
        0.2996312081813812,
        0.25049954652786255,
        0.3184733986854553,
        0.22943711280822754,
        0.13586847484111786,
        0.29626351594924927,
        0.4758901298046112,
        0.2661055326461792,
        0.1998060792684555,
        0.2636583149433136,
        0.2422615885734558,
        0.42284202575683594,
        0.34983691573143005,
        0.24658063054084778,
        0.3042084276676178,
        0.3131415843963623,
        0.24270062148571014,
        0.20655176043510437,
        0.1985602229833603,
        0.22248153388500214,
        0.26741281151771545,
        0.30477339029312134,
        0.28079134225845337,
        0.37702256441116333,
        0.35940787196159363,
        0.21392743289470673,
        0.2948298752307892,
        0.2419407218694687,
        0.2068060040473938,
        0.3612843453884125,
        0.3483070731163025,
        0.15382297337055206,
        0.30937594175338745,
        0.25348082184791565,
        0.21023809909820557,
        0.3385816812515259,
        0.28191277384757996,
        0.22182220220565796,
        0.3149110674858093,
        0.25275981426239014,
        0.3617139756679535,
        0.3454887866973877,
        0.21971873939037323,
        0.20189471542835236,
        0.3337385356426239,
        0.25219041109085083,
        0.16735535860061646,
        0.1558239609003067,
        0.24244578182697296,
        0.24328278005123138,
        0.16474317014217377,
        0.29296875,
        0.24506720900535583,
        0.31333041191101074,
        0.35991910099983215,
        0.17922450602054596,
        0.23337915539741516,
        0.31845512986183167,
        0.2569986879825592,
        0.24270561337471008,
        0.22537639737129211,
        0.2513495683670044,
        0.34055429697036743,
        0.13401299715042114,
        0.18484430015087128,
        0.16821476817131042,
        0.2352089285850525,
        0.2925606071949005,
        0.25797367095947266,
        0.30840927362442017,
        0.24778404831886292,
        0.19842031598091125,
        0.1815522015094757,
        0.23631568253040314,
        0.20785975456237793,
        0.1340523064136505,
        0.26484420895576477,
        0.3191564977169037,
        0.2340223491191864,
        0.3347826600074768,
        0.2901195287704468,
        0.29088205099105835,
        0.1436086744070053,
        0.25453218817710876,
        0.1816691756248474,
        0.21900101006031036,
        0.19200552999973297,
        0.30528876185417175,
        0.1509726494550705,
        0.2870463728904724,
        0.16428402066230774,
        0.1632673144340515,
        0.2865769565105438,
        0.23655089735984802,
        0.32755911350250244,
        0.20470574498176575,
        0.22892746329307556,
        0.2767890691757202,
        0.26150208711624146,
        0.2722892761230469,
        0.1942633092403412,
        0.22643166780471802,
        0.3543091416358948,
        0.2928655445575714,
        0.18458405137062073,
        0.24584153294563293,
        0.2310308963060379,
        0.22185887396335602,
        0.21982452273368835,
        0.2762693166732788,
        0.17692431807518005,
        0.15160496532917023,
        0.17662490904331207,
        0.2730041444301605,
        0.16974979639053345,
        0.20140063762664795,
        0.4966270327568054,
        0.23696188628673553,
        0.2615031898021698,
        0.17011649906635284,
        0.26147469878196716,
        0.29259273409843445,
        0.2150106281042099,
        0.26920729875564575,
        0.17976638674736023,
        0.2502320110797882,
        0.1362932324409485,
        0.20186327397823334,
        0.18242572247982025,
        0.217901349067688,
        0.25797250866889954,
        0.2322201430797577,
        0.24216251075267792,
        0.2528535723686218,
        0.1561354249715805,
        0.21966437995433807,
        0.3703516721725464,
        0.15609174966812134,
        0.19207735359668732,
        0.24973216652870178,
        0.1847730278968811,
        0.2436477690935135,
        0.3065420091152191,
        0.22110940515995026,
        0.1895350068807602,
        0.20895269513130188,
        0.3871893882751465,
        0.14934003353118896,
        0.2823503017425537,
        0.31745612621307373,
        0.2675842046737671,
        0.4259043335914612,
        0.22308644652366638,
        0.3451012969017029,
        0.2832794189453125,
        0.25544866919517517,
        0.2367025911808014,
        0.32760193943977356,
        0.23259979486465454,
        0.2026502639055252,
        0.22940537333488464,
        0.2417348176240921,
        0.34489890933036804,
        0.15989190340042114,
        0.1634284108877182,
        0.19515657424926758,
        0.2167525738477707,
        0.22395262122154236,
        0.19692768156528473,
        0.2424197643995285,
        0.17067012190818787,
        0.2984795570373535,
        0.31735390424728394,
        0.3437551259994507,
        0.21171599626541138,
        0.3289482593536377,
        0.2010105550289154,
        0.17556315660476685,
        0.10998587310314178,
        0.2583416998386383,
        0.2818661630153656,
        0.1803559958934784,
        0.26184090971946716,
        0.31315878033638,
        0.2525988817214966,
        0.2174174189567566,
        0.22874003648757935,
        0.1630735844373703,
        0.19329209625720978,
        0.2601769268512726,
        0.20936144888401031,
        0.14468343555927277,
        0.15154562890529633,
        0.30180296301841736,
        0.2511839270591736,
        0.2637476921081543,
        0.25276944041252136,
        0.17946015298366547,
        0.14648833870887756,
        0.24934962391853333,
        0.17487148940563202,
        0.34193819761276245,
        0.25411269068717957,
        0.1983877271413803,
        0.17865028977394104,
        0.25505533814430237,
        0.19464613497257233,
        0.2734322249889374,
        0.19204650819301605,
        0.2717285454273224,
        0.22323359549045563,
        0.2550158202648163,
        0.2358173280954361,
        0.12951377034187317,
        0.1405784636735916,
        0.17976635694503784,
        0.3189891278743744,
        0.32142046093940735,
        0.19264546036720276,
        0.185584157705307,
        0.3142659068107605,
        0.1953919678926468,
        0.16087117791175842,
        0.1887267529964447,
        0.19318068027496338,
        0.2388067990541458,
        0.28600263595581055,
        0.24226436018943787,
        0.21034076809883118,
        0.1857563704252243,
        0.2807953357696533,
        0.2531733214855194,
        0.1975836604833603,
        0.13093818724155426,
        0.22530122101306915,
        0.2147083729505539,
        0.2250950187444687,
        0.12137805670499802,
        0.1665189415216446,
        0.2320994734764099,
        0.1558992713689804,
        0.2302161455154419,
        0.21472539007663727,
        0.17328430712223053,
        0.1263788789510727,
        0.25803127884864807,
        0.1805967390537262,
        0.21229563653469086,
        0.22607643902301788,
        0.14225263893604279,
        0.09797012805938721,
        0.15078997611999512,
        0.1997951716184616,
        0.17531059682369232,
        0.20067957043647766,
        0.2669471502304077,
        0.1584484726190567,
        0.148254856467247,
        0.22068503499031067,
        0.21396657824516296,
        0.15721222758293152,
        0.19193994998931885,
        0.12194972485303879,
        0.200102761387825,
        0.16488365828990936,
        0.2396928071975708,
        0.17885102331638336,
        0.2810961902141571,
        0.30326250195503235,
        0.2178255021572113,
        0.2019672840833664,
        0.28097110986709595,
        0.12102330476045609,
        0.13439816236495972,
        0.26456138491630554,
        0.2297152876853943,
        0.14143654704093933,
        0.2188158631324768,
        0.14021816849708557,
        0.19690608978271484,
        0.16436368227005005,
        0.1674862802028656,
        0.23447611927986145,
        0.18694078922271729,
        0.16311974823474884,
        0.12363441288471222,
        0.1098441407084465,
        0.20864631235599518,
        0.14273446798324585,
        0.2194489687681198,
        0.14446334540843964,
        0.17969201505184174,
        0.1662692129611969,
        0.17784163355827332,
        0.17956067621707916,
        0.25187113881111145,
        0.16195546090602875,
        0.2758617401123047,
        0.1481178253889084,
        0.13710391521453857,
        0.14634709060192108,
        0.22492732107639313,
        0.15186728537082672,
        0.18039359152317047,
        0.1956060826778412,
        0.10163220763206482,
        0.17462895810604095,
        0.09280417859554291,
        0.1958138644695282,
        0.19277678430080414,
        0.3194197714328766,
        0.191565603017807,
        0.26108086109161377,
        0.20087240636348724,
        0.31576842069625854,
        0.19329068064689636,
        0.20380792021751404,
        0.21398784220218658,
        0.22349324822425842,
        0.1794380098581314,
        0.14049799740314484,
        0.1865611970424652,
        0.19818934798240662,
        0.12656182050704956,
        0.13985300064086914,
        0.17268842458724976,
        0.13400334119796753,
        0.22560033202171326,
        0.2494194209575653,
        0.1667407751083374,
        0.19873306155204773,
        0.19567078351974487,
        0.2915579378604889,
        0.12566521763801575,
        0.18349497020244598,
        0.17616993188858032,
        0.25397786498069763,
        0.15796953439712524,
        0.16295760869979858,
        0.19047757983207703,
        0.21320712566375732,
        0.16797980666160583,
        0.21751844882965088,
        0.296791136264801,
        0.3104934096336365,
        0.24559664726257324,
        0.16369901597499847,
        0.234187051653862,
        0.17669464647769928,
        0.25877025723457336,
        0.14857585728168488,
        0.32028746604919434,
        0.13777177035808563,
        0.2360285073518753,
        0.1952076554298401,
        0.21101421117782593,
        0.2558237612247467,
        0.22108156979084015,
        0.2570819556713104,
        0.23464007675647736,
        0.17320331931114197,
        0.15592192113399506,
        0.1732877641916275,
        0.12195614725351334,
        0.25977906584739685,
        0.17640459537506104,
        0.24711112678050995,
        0.13707087934017181,
        0.13620583713054657,
        0.18070709705352783,
        0.1367367058992386,
        0.25753697752952576,
        0.1882544904947281,
        0.1604762226343155,
        0.1913035660982132,
        0.27019429206848145,
        0.17596271634101868,
        0.2184586524963379,
        0.23867587745189667,
        0.19145427644252777,
        0.19471685588359833,
        0.25845056772232056,
        0.24542155861854553,
        0.15427307784557343,
        0.13911372423171997,
        0.17546552419662476,
        0.1789844036102295,
        0.11500381678342819,
        0.10364508628845215,
        0.22105035185813904,
        0.24647074937820435,
        0.2957714796066284,
        0.20103099942207336,
        0.14992555975914001,
        0.1478976458311081,
        0.13640622794628143,
        0.2237452119588852,
        0.14650507271289825,
        0.12661296129226685,
        0.1618385910987854,
        0.1418432593345642,
        0.21521148085594177,
        0.19877998530864716,
        0.14174382388591766,
        0.16790832579135895,
        0.10679201036691666,
        0.10590580105781555,
        0.1461169570684433,
        0.17847000062465668,
        0.1603146195411682,
        0.10436362028121948,
        0.09404540061950684,
        0.11710596829652786,
        0.2195344716310501,
        0.13757666945457458,
        0.12407204508781433,
        0.25361868739128113,
        0.09618665277957916,
        0.20827007293701172,
        0.21312478184700012,
        0.13813303411006927,
        0.15781384706497192,
        0.20007847249507904,
        0.22308820486068726,
        0.14151184260845184,
        0.1551978439092636,
        0.2616274654865265,
        0.2118884027004242,
        0.09745923429727554,
        0.21627028286457062,
        0.24329903721809387,
        0.20897679030895233,
        0.14815154671669006,
        0.22708691656589508,
        0.1358536034822464,
        0.29027533531188965,
        0.17127862572669983,
        0.12197256088256836,
        0.1789328157901764,
        0.20670410990715027,
        0.12744024395942688,
        0.23239298164844513,
        0.1690235733985901,
        0.24505984783172607,
        0.15521980822086334,
        0.12729613482952118,
        0.10698094218969345,
        0.259382039308548,
        0.17681792378425598,
        0.17122061550617218,
        0.17049452662467957,
        0.1937377154827118,
        0.23875179886817932,
        0.1903824806213379,
        0.11201603710651398,
        0.14566251635551453,
        0.21435846388339996,
        0.114122174680233,
        0.13951468467712402,
        0.21794480085372925,
        0.18130046129226685,
        0.2082921713590622,
        0.21889916062355042,
        0.20984558761119843,
        0.1916283518075943,
        0.20951512455940247,
        0.22012169659137726,
        0.22121737897396088,
        0.20329222083091736,
        0.18158066272735596,
        0.12688206136226654,
        0.32058125734329224,
        0.1354837566614151,
        0.17333795130252838,
        0.188713937997818,
        0.1511889547109604,
        0.13062743842601776,
        0.16372446715831757,
        0.13147562742233276,
        0.26318299770355225,
        0.20446692407131195,
        0.22623904049396515,
        0.1433342695236206,
        0.2762824296951294,
        0.08793240785598755,
        0.15577857196331024,
        0.19897925853729248,
        0.1796860694885254,
        0.2151964008808136,
        0.13897395133972168,
        0.09484647214412689,
        0.15298330783843994,
        0.20146125555038452,
        0.09418413788080215,
        0.20717735588550568,
        0.14819693565368652,
        0.18378950655460358,
        0.2346348762512207,
        0.13123588263988495,
        0.1464279443025589,
        0.23494666814804077,
        0.18503402173519135,
        0.18813884258270264,
        0.1476367712020874,
        0.12198039889335632,
        0.10414628684520721,
        0.19427970051765442,
        0.12818323075771332,
        0.2066965252161026,
        0.14330291748046875,
        0.13545012474060059,
        0.14964602887630463,
        0.21497049927711487,
        0.08733466267585754,
        0.07510708272457123,
        0.16273091733455658,
        0.16051246225833893,
        0.1318790316581726,
        0.1387040615081787,
        0.12743039429187775,
        0.105091392993927,
        0.22701792418956757,
        0.19192031025886536,
        0.22409434616565704,
        0.21860496699810028,
        0.1582283079624176,
        0.24463717639446259,
        0.19031651318073273,
        0.2642362415790558,
        0.12874051928520203,
        0.21765628457069397,
        0.19005267322063446,
        0.11394297331571579,
        0.16635359823703766,
        0.1536134034395218,
        0.16964183747768402,
        0.19356247782707214,
        0.1880555897951126,
        0.12913073599338531,
        0.21840345859527588,
        0.21976439654827118,
        0.14295297861099243,
        0.14605185389518738,
        0.1595669537782669,
        0.18389570713043213,
        0.2721303403377533,
        0.14200875163078308,
        0.14710621535778046,
        0.15299606323242188,
        0.11418072879314423,
        0.18142037093639374,
        0.13373549282550812,
        0.13725949823856354,
        0.07837464660406113,
        0.14110708236694336,
        0.13554441928863525,
        0.15279248356819153,
        0.1745425909757614,
        0.26747968792915344,
        0.19736534357070923,
        0.11890008300542831,
        0.18154458701610565,
        0.08938668668270111,
        0.10354097187519073,
        0.18663154542446136,
        0.17322073876857758,
        0.17909717559814453,
        0.1301860213279724,
        0.1537669152021408,
        0.15299995243549347,
        0.15916723012924194,
        0.21146680414676666,
        0.16597290337085724,
        0.14788666367530823,
        0.22809889912605286,
        0.21614399552345276,
        0.20365527272224426,
        0.13220782577991486,
        0.20684896409511566,
        0.2373260110616684,
        0.2230704426765442,
        0.15789712965488434,
        0.15532520413398743,
        0.28519272804260254,
        0.1333511918783188,
        0.18458329141139984,
        0.17922577261924744,
        0.2759101688861847,
        0.12504218518733978,
        0.1702471524477005,
        0.11069422960281372,
        0.1647861897945404,
        0.18366454541683197,
        0.13075926899909973,
        0.061735544353723526,
        0.15406307578086853,
        0.06029088795185089,
        0.05254440754652023,
        0.14240075647830963,
        0.2320384532213211,
        0.17498044669628143,
        0.2537963390350342,
        0.210124671459198,
        0.20361380279064178,
        0.10619910806417465,
        0.10813004523515701,
        0.17792324721813202,
        0.14706102013587952,
        0.212417334318161,
        0.10690511018037796,
        0.1427161544561386,
        0.18004721403121948,
        0.24052298069000244,
        0.2484883964061737,
        0.16627968847751617,
        0.10296174138784409,
        0.12449032813310623,
        0.08621200919151306,
        0.23671309649944305,
        0.14013463258743286,
        0.17523247003555298,
        0.22167585790157318,
        0.20760394632816315,
        0.15929380059242249,
        0.15425078570842743,
        0.16039535403251648,
        0.11604519188404083,
        0.22715699672698975,
        0.07318722456693649,
        0.1500786393880844,
        0.17549626529216766,
        0.10904752463102341,
        0.06761007010936737,
        0.14850006997585297,
        0.20246852934360504,
        0.14346233010292053,
        0.17718346416950226,
        0.06835296005010605,
        0.2496844381093979,
        0.1173882707953453,
        23.74337387084961,
        NaN,
        NaN,
        NaN,
        NaN,
        NaN,
        NaN,
        NaN,
        NaN,
        NaN,
        NaN,
        NaN,
        NaN,
        NaN,
        NaN,
        NaN,
        NaN,
        NaN,
        NaN,
        NaN,
        NaN,
        NaN,
        NaN,
        NaN,
        NaN,
        NaN,
        NaN,
        NaN,
        NaN,
        NaN,
        NaN,
        NaN,
        NaN,
        NaN,
        NaN,
        NaN,
        NaN,
        NaN,
        NaN,
        NaN,
        NaN,
        NaN,
        NaN,
        NaN,
        NaN,
        NaN,
        NaN,
        NaN,
        NaN,
        NaN,
        NaN,
        NaN,
        NaN,
        NaN,
        NaN,
        NaN,
        NaN,
        NaN,
        NaN,
        NaN,
        NaN,
        NaN,
        NaN,
        NaN,
        NaN,
        NaN,
        NaN,
        NaN,
        NaN,
        NaN,
        NaN,
        NaN,
        NaN,
        NaN,
        NaN,
        NaN,
        NaN,
        NaN,
        NaN,
        NaN,
        NaN,
        NaN,
        NaN,
        NaN,
        NaN,
        NaN,
        NaN,
        NaN,
        NaN,
        NaN,
        NaN,
        NaN,
        NaN,
        NaN,
        NaN,
        NaN,
        NaN,
        NaN,
        NaN,
        NaN,
        NaN,
        NaN,
        NaN,
        NaN,
        NaN,
        NaN,
        NaN,
        NaN,
        NaN,
        NaN,
        NaN,
        NaN,
        NaN,
        NaN,
        NaN,
        NaN,
        NaN,
        NaN,
        NaN,
        NaN,
        NaN,
        NaN,
        NaN,
        NaN,
        NaN,
        NaN,
        NaN,
        NaN,
        NaN,
        NaN,
        NaN,
        NaN,
        NaN,
        NaN,
        NaN,
        NaN,
        NaN,
        NaN,
        NaN,
        NaN,
        NaN,
        NaN,
        NaN,
        NaN,
        NaN,
        NaN,
        NaN,
        NaN,
        NaN,
        NaN,
        NaN,
        NaN,
        NaN,
        NaN,
        NaN,
        NaN,
        NaN,
        NaN,
        NaN,
        NaN,
        NaN,
        NaN,
        NaN,
        NaN,
        NaN,
        NaN,
        NaN,
        NaN,
        NaN,
        NaN,
        NaN,
        NaN,
        NaN,
        NaN,
        NaN,
        NaN,
        NaN,
        NaN,
        NaN,
        NaN,
        NaN,
        NaN,
        NaN,
        NaN,
        NaN,
        NaN,
        NaN,
        NaN,
        NaN,
        NaN,
        NaN,
        NaN,
        NaN,
        NaN,
        NaN,
        NaN,
        NaN,
        NaN,
        NaN,
        NaN,
        NaN,
        NaN,
        NaN,
        NaN,
        NaN,
        NaN,
        NaN,
        NaN,
        NaN,
        NaN,
        NaN,
        NaN,
        NaN,
        NaN,
        NaN,
        NaN,
        NaN,
        NaN,
        NaN,
        NaN,
        NaN,
        NaN,
        NaN,
        NaN,
        NaN,
        NaN,
        NaN,
        NaN,
        NaN,
        NaN,
        NaN,
        NaN,
        NaN,
        NaN,
        NaN,
        NaN,
        NaN,
        NaN,
        NaN,
        NaN,
        NaN,
        NaN,
        NaN,
        NaN,
        NaN,
        NaN,
        NaN,
        NaN,
        NaN,
        NaN,
        NaN,
        NaN,
        NaN,
        NaN,
        NaN,
        NaN,
        NaN,
        NaN,
        NaN,
        NaN,
        NaN,
        NaN,
        NaN,
        NaN,
        NaN,
        NaN,
        NaN,
        NaN,
        NaN,
        NaN,
        NaN,
        NaN,
        NaN,
        NaN,
        NaN,
        NaN,
        NaN,
        NaN,
        NaN,
        NaN,
        NaN,
        NaN,
        NaN,
        NaN,
        NaN,
        NaN,
        NaN,
        NaN,
        NaN,
        NaN,
        NaN,
        NaN,
        NaN,
        NaN,
        NaN,
        NaN,
        NaN,
        NaN,
        NaN,
        NaN,
        NaN,
        NaN,
        NaN,
        NaN,
        NaN,
        NaN,
        NaN,
        NaN,
        NaN,
        NaN,
        NaN,
        NaN,
        NaN,
        NaN,
        NaN,
        NaN,
        NaN,
        NaN,
        NaN,
        NaN,
        NaN,
        NaN,
        NaN,
        NaN,
        NaN,
        NaN,
        NaN,
        NaN,
        NaN,
        NaN,
        NaN,
        NaN,
        NaN,
        NaN,
        NaN,
        NaN,
        NaN,
        NaN,
        NaN,
        NaN,
        NaN,
        NaN,
        NaN,
        NaN,
        NaN,
        NaN,
        NaN,
        NaN,
        NaN,
        NaN,
        NaN,
        NaN,
        NaN,
        NaN,
        NaN,
        NaN,
        NaN,
        NaN,
        NaN,
        NaN,
        NaN,
        NaN,
        NaN,
        NaN,
        NaN,
        NaN,
        NaN,
        NaN,
        NaN,
        NaN,
        NaN,
        NaN,
        NaN,
        NaN,
        NaN,
        NaN,
        NaN,
        NaN,
        NaN,
        NaN,
        NaN,
        NaN,
        NaN,
        NaN,
        NaN,
        NaN,
        NaN,
        NaN,
        NaN,
        NaN,
        NaN,
        NaN,
        NaN,
        NaN,
        NaN,
        NaN,
        NaN,
        NaN,
        NaN,
        NaN,
        NaN,
        NaN,
        NaN,
        NaN,
        NaN,
        NaN,
        NaN,
        NaN,
        NaN,
        NaN,
        NaN,
        NaN,
        NaN,
        NaN,
        NaN,
        NaN,
        NaN,
        NaN,
        NaN,
        NaN,
        NaN,
        NaN,
        NaN,
        NaN,
        NaN,
        NaN,
        NaN,
        NaN,
        NaN,
        NaN,
        NaN,
        NaN,
        NaN,
        NaN,
        NaN,
        NaN,
        NaN,
        NaN,
        NaN,
        NaN,
        NaN,
        NaN,
        NaN,
        NaN,
        NaN,
        NaN,
        NaN,
        NaN,
        NaN,
        NaN,
        NaN,
        NaN,
        NaN,
        NaN,
        NaN,
        NaN,
        NaN,
        NaN,
        NaN,
        NaN,
        NaN,
        NaN,
        NaN,
        NaN,
        NaN,
        NaN,
        NaN,
        NaN,
        NaN,
        NaN,
        NaN,
        NaN,
        NaN,
        NaN,
        NaN,
        NaN,
        NaN,
        NaN,
        NaN,
        NaN,
        NaN,
        NaN,
        NaN,
        NaN,
        NaN,
        NaN,
        NaN,
        NaN,
        NaN,
        NaN,
        NaN,
        NaN,
        NaN,
        NaN,
        NaN,
        NaN,
        NaN,
        NaN,
        NaN,
        NaN,
        NaN,
        NaN,
        NaN,
        NaN,
        NaN,
        NaN,
        NaN,
        NaN,
        NaN,
        NaN,
        NaN,
        NaN,
        NaN,
        NaN,
        NaN,
        NaN,
        NaN,
        NaN,
        NaN,
        NaN,
        NaN,
        NaN,
        NaN,
        NaN,
        NaN,
        NaN,
        NaN,
        NaN,
        NaN,
        NaN,
        NaN,
        NaN,
        NaN,
        NaN,
        NaN,
        NaN,
        NaN,
        NaN,
        NaN,
        NaN,
        NaN,
        NaN,
        NaN,
        NaN,
        NaN,
        NaN,
        NaN,
        NaN,
        NaN,
        NaN,
        NaN,
        NaN,
        NaN,
        NaN,
        NaN,
        NaN,
        NaN,
        NaN,
        NaN,
        NaN,
        NaN,
        NaN,
        NaN,
        NaN,
        NaN,
        NaN,
        NaN,
        NaN,
        NaN,
        NaN,
        NaN,
        NaN,
        NaN,
        NaN,
        NaN,
        NaN,
        NaN,
        NaN,
        NaN,
        NaN,
        NaN,
        NaN,
        NaN,
        NaN,
        NaN,
        NaN,
        NaN,
        NaN,
        NaN,
        NaN,
        NaN,
        NaN,
        NaN,
        NaN,
        NaN,
        NaN,
        NaN,
        NaN,
        NaN,
        NaN,
        NaN,
        NaN,
        NaN,
        NaN,
        NaN,
        NaN,
        NaN,
        NaN,
        NaN,
        NaN,
        NaN,
        NaN,
        NaN,
        NaN,
        NaN,
        NaN,
        NaN,
        NaN,
        NaN,
        NaN,
        NaN,
        NaN,
        NaN,
        NaN,
        NaN,
        NaN,
        NaN,
        NaN,
        NaN,
        NaN,
        NaN,
        NaN,
        NaN,
        NaN,
        NaN,
        NaN,
        NaN,
        NaN,
        NaN,
        NaN,
        NaN,
        NaN,
        NaN,
        NaN,
        NaN,
        NaN,
        NaN,
        NaN,
        NaN,
        NaN,
        NaN,
        NaN,
        NaN,
        NaN,
        NaN,
        NaN,
        NaN,
        NaN,
        NaN,
        NaN,
        NaN,
        NaN,
        NaN,
        NaN,
        NaN,
        NaN,
        NaN,
        NaN,
        NaN,
        NaN,
        NaN,
        NaN,
        NaN,
        NaN,
        NaN,
        NaN,
        NaN,
        NaN,
        NaN,
        NaN,
        NaN,
        NaN,
        NaN,
        NaN,
        NaN,
        NaN,
        NaN,
        NaN,
        NaN,
        NaN,
        NaN,
        NaN,
        NaN,
        NaN,
        NaN,
        NaN,
        NaN,
        NaN,
        NaN,
        NaN,
        NaN,
        NaN,
        NaN,
        NaN,
        NaN,
        NaN,
        NaN,
        NaN,
        NaN,
        NaN,
        NaN,
        NaN,
        NaN,
        NaN,
        NaN,
        NaN,
        NaN,
        NaN,
        NaN,
        NaN,
        NaN,
        NaN,
        NaN,
        NaN,
        NaN,
        NaN,
        NaN,
        NaN,
        NaN,
        NaN,
        NaN,
        NaN,
        NaN,
        NaN,
        NaN,
        NaN,
        NaN,
        NaN,
        NaN,
        NaN,
        NaN,
        NaN,
        NaN,
        NaN,
        NaN,
        NaN,
        NaN,
        NaN,
        NaN,
        NaN,
        NaN,
        NaN,
        NaN,
        NaN,
        NaN,
        NaN,
        NaN,
        NaN,
        NaN,
        NaN,
        NaN,
        NaN,
        NaN,
        NaN,
        NaN,
        NaN,
        NaN,
        NaN,
        NaN,
        NaN,
        NaN,
        NaN,
        NaN,
        NaN,
        NaN,
        NaN,
        NaN,
        NaN,
        NaN,
        NaN,
        NaN,
        NaN,
        NaN,
        NaN,
        NaN,
        NaN,
        NaN,
        NaN,
        NaN,
        NaN,
        NaN,
        NaN,
        NaN,
        NaN,
        NaN,
        NaN,
        NaN,
        NaN,
        NaN,
        NaN,
        NaN,
        NaN,
        NaN,
        NaN,
        NaN,
        NaN,
        NaN,
        NaN,
        NaN,
        NaN,
        NaN,
        NaN,
        NaN,
        NaN,
        NaN,
        NaN,
        NaN,
        NaN,
        NaN,
        NaN,
        NaN,
        NaN,
        NaN,
        NaN,
        NaN,
        NaN,
        NaN,
        NaN,
        NaN,
        NaN,
        NaN,
        NaN,
        NaN,
        NaN,
        NaN,
        NaN,
        NaN,
        NaN,
        NaN,
        NaN,
        NaN,
        NaN,
        NaN,
        NaN,
        NaN,
        NaN,
        NaN,
        NaN,
        NaN,
        NaN,
        NaN,
        NaN,
        NaN,
        NaN,
        NaN,
        NaN,
        NaN,
        NaN,
        NaN,
        NaN,
        NaN,
        NaN,
        NaN,
        NaN,
        NaN,
        NaN,
        NaN,
        NaN,
        NaN,
        NaN,
        NaN,
        NaN,
        NaN,
        NaN,
        NaN,
        NaN,
        NaN,
        NaN,
        NaN,
        NaN,
        NaN,
        NaN,
        NaN,
        NaN,
        NaN,
        NaN,
        NaN,
        NaN,
        NaN,
        NaN,
        NaN,
        NaN,
        NaN,
        NaN,
        NaN,
        NaN,
        NaN,
        NaN,
        NaN,
        NaN,
        NaN,
        NaN,
        NaN,
        NaN,
        NaN,
        NaN,
        NaN,
        NaN,
        NaN,
        NaN,
        NaN,
        NaN,
        NaN,
        NaN,
        NaN,
        NaN,
        NaN,
        NaN,
        NaN,
        NaN,
        NaN,
        NaN,
        NaN,
        NaN,
        NaN,
        NaN,
        NaN,
        NaN,
        NaN,
        NaN,
        NaN,
        NaN,
        NaN,
        NaN,
        NaN,
        NaN,
        NaN,
        NaN,
        NaN,
        NaN,
        NaN,
        NaN,
        NaN,
        NaN,
        NaN,
        NaN,
        NaN,
        NaN,
        NaN,
        NaN,
        NaN,
        NaN,
        NaN,
        NaN,
        NaN,
        NaN,
        NaN,
        NaN,
        NaN,
        NaN,
        NaN,
        NaN,
        NaN,
        NaN,
        NaN,
        NaN,
        NaN,
        NaN,
        NaN,
        NaN,
        NaN,
        NaN,
        NaN,
        NaN,
        NaN,
        NaN,
        NaN,
        NaN,
        NaN,
        NaN,
        NaN,
        NaN,
        NaN,
        NaN,
        NaN,
        NaN,
        NaN,
        NaN,
        NaN,
        NaN,
        NaN,
        NaN,
        NaN,
        NaN,
        NaN,
        NaN,
        NaN,
        NaN,
        NaN,
        NaN,
        NaN,
        NaN,
        NaN,
        NaN,
        NaN,
        NaN,
        NaN,
        NaN,
        NaN,
        NaN,
        NaN,
        NaN,
        NaN,
        NaN,
        NaN,
        NaN,
        NaN,
        NaN,
        NaN,
        NaN,
        NaN,
        NaN,
        NaN,
        NaN,
        NaN,
        NaN,
        NaN,
        NaN,
        NaN,
        NaN,
        NaN,
        NaN,
        NaN,
        NaN,
        NaN,
        NaN,
        NaN,
        NaN,
        NaN,
        NaN,
        NaN,
        NaN,
        NaN,
        NaN,
        NaN,
        NaN,
        NaN,
        NaN,
        NaN,
        NaN,
        NaN,
        NaN,
        NaN,
        NaN,
        NaN,
        NaN,
        NaN,
        NaN,
        NaN,
        NaN,
        NaN,
        NaN,
        NaN,
        NaN,
        NaN,
        NaN,
        NaN,
        NaN,
        NaN,
        NaN,
        NaN,
        NaN,
        NaN,
        NaN,
        NaN,
        NaN,
        NaN,
        NaN,
        NaN,
        NaN,
        NaN,
        NaN,
        NaN,
        NaN,
        NaN,
        NaN,
        NaN,
        NaN,
        NaN,
        NaN,
        NaN,
        NaN,
        NaN,
        NaN,
        NaN,
        NaN,
        NaN,
        NaN,
        NaN,
        NaN,
        NaN,
        NaN,
        NaN,
        NaN,
        NaN,
        NaN,
        NaN,
        NaN,
        NaN,
        NaN,
        NaN,
        NaN,
        NaN,
        NaN,
        NaN,
        NaN,
        NaN,
        NaN,
        NaN,
        NaN,
        NaN,
        NaN,
        NaN,
        NaN,
        NaN,
        NaN,
        NaN,
        NaN,
        NaN,
        NaN,
        NaN,
        NaN,
        NaN,
        NaN,
        NaN,
        NaN,
        NaN,
        NaN,
        NaN,
        NaN,
        NaN,
        NaN,
        NaN,
        NaN,
        NaN,
        NaN,
        NaN,
        NaN,
        NaN,
        NaN,
        NaN,
        NaN,
        NaN,
        NaN,
        NaN,
        NaN,
        NaN,
        NaN,
        NaN,
        NaN,
        NaN,
        NaN,
        NaN,
        NaN,
        NaN,
        NaN,
        NaN,
        NaN,
        NaN,
        NaN,
        NaN,
        NaN,
        NaN,
        NaN,
        NaN,
        NaN,
        NaN,
        NaN,
        NaN,
        NaN,
        NaN,
        NaN,
        NaN,
        NaN,
        NaN,
        NaN,
        NaN,
        NaN,
        NaN,
        NaN,
        NaN,
        NaN,
        NaN,
        NaN,
        NaN,
        NaN,
        NaN,
        NaN,
        NaN,
        NaN,
        NaN,
        NaN,
        NaN,
        NaN,
        NaN,
        NaN,
        NaN,
        NaN,
        NaN,
        NaN,
        NaN,
        NaN,
        NaN,
        NaN,
        NaN,
        NaN,
        NaN,
        NaN,
        NaN,
        NaN,
        NaN,
        NaN,
        NaN,
        NaN,
        NaN,
        NaN,
        NaN,
        NaN,
        NaN,
        NaN,
        NaN,
        NaN,
        NaN,
        NaN,
        NaN,
        NaN,
        NaN,
        NaN,
        NaN,
        NaN,
        NaN,
        NaN,
        NaN,
        NaN,
        NaN,
        NaN,
        NaN,
        NaN,
        NaN,
        NaN,
        NaN,
        NaN,
        NaN,
        NaN,
        NaN,
        NaN,
        NaN,
        NaN,
        NaN,
        NaN,
        NaN,
        NaN,
        NaN,
        NaN,
        NaN,
        NaN,
        NaN,
        NaN,
        NaN,
        NaN,
        NaN,
        NaN,
        NaN,
        NaN,
        NaN,
        NaN,
        NaN,
        NaN,
        NaN,
        NaN,
        NaN,
        NaN,
        NaN,
        NaN,
        NaN,
        NaN,
        NaN,
        NaN,
        NaN,
        NaN,
        NaN,
        NaN,
        NaN,
        NaN,
        NaN,
        NaN,
        NaN,
        NaN,
        NaN,
        NaN,
        NaN,
        NaN,
        NaN,
        NaN,
        NaN,
        NaN,
        NaN,
        NaN,
        NaN,
        NaN,
        NaN,
        NaN,
        NaN,
        NaN,
        NaN,
        NaN,
        NaN,
        NaN,
        NaN,
        NaN,
        NaN,
        NaN,
        NaN,
        NaN,
        NaN,
        NaN,
        NaN,
        NaN,
        NaN,
        NaN,
        NaN,
        NaN,
        NaN,
        NaN,
        NaN,
        NaN,
        NaN,
        NaN,
        NaN,
        NaN,
        NaN,
        NaN,
        NaN,
        NaN,
        NaN,
        NaN,
        NaN,
        NaN,
        NaN,
        NaN,
        NaN,
        NaN,
        NaN,
        NaN,
        NaN,
        NaN,
        NaN,
        NaN,
        NaN,
        NaN,
        NaN,
        NaN,
        NaN,
        NaN,
        NaN,
        NaN,
        NaN,
        NaN,
        NaN,
        NaN,
        NaN,
        NaN,
        NaN,
        NaN,
        NaN,
        NaN,
        NaN,
        NaN,
        NaN,
        NaN,
        NaN,
        NaN,
        NaN,
        NaN,
        NaN,
        NaN,
        NaN,
        NaN,
        NaN,
        NaN,
        NaN,
        NaN,
        NaN,
        NaN,
        NaN,
        NaN,
        NaN,
        NaN,
        NaN,
        NaN,
        NaN,
        NaN,
        NaN,
        NaN,
        NaN,
        NaN,
        NaN,
        NaN,
        NaN,
        NaN,
        NaN,
        NaN,
        NaN,
        NaN,
        NaN,
        NaN,
        NaN,
        NaN,
        NaN,
        NaN,
        NaN,
        NaN,
        NaN,
        NaN,
        NaN,
        NaN,
        NaN,
        NaN,
        NaN,
        NaN,
        NaN,
        NaN,
        NaN,
        NaN,
        NaN,
        NaN,
        NaN,
        NaN,
        NaN,
        NaN,
        NaN,
        NaN,
        NaN,
        NaN,
        NaN,
        NaN,
        NaN,
        NaN,
        NaN,
        NaN,
        NaN,
        NaN,
        NaN,
        NaN,
        NaN,
        NaN,
        NaN,
        NaN,
        NaN,
        NaN,
        NaN,
        NaN,
        NaN,
        NaN,
        NaN,
        NaN,
        NaN,
        NaN,
        NaN,
        NaN,
        NaN,
        NaN,
        NaN,
        NaN,
        NaN,
        NaN,
        NaN,
        NaN,
        NaN,
        NaN,
        NaN,
        NaN,
        NaN,
        NaN,
        NaN,
        NaN,
        NaN,
        NaN,
        NaN,
        NaN,
        NaN,
        NaN,
        NaN,
        NaN,
        NaN,
        NaN,
        NaN,
        NaN,
        NaN,
        NaN,
        NaN,
        NaN,
        NaN,
        NaN,
        NaN,
        NaN,
        NaN,
        NaN,
        NaN,
        NaN,
        NaN,
        NaN,
        NaN,
        NaN,
        NaN,
        NaN,
        NaN,
        NaN,
        NaN,
        NaN,
        NaN,
        NaN,
        NaN,
        NaN,
        NaN,
        NaN,
        NaN,
        NaN,
        NaN,
        NaN,
        NaN,
        NaN,
        NaN,
        NaN,
        NaN,
        NaN,
        NaN,
        NaN,
        NaN,
        NaN,
        NaN,
        NaN,
        NaN,
        NaN,
        NaN,
        NaN,
        NaN,
        NaN,
        NaN,
        NaN,
        NaN,
        NaN,
        NaN,
        NaN,
        NaN,
        NaN,
        NaN,
        NaN,
        NaN,
        NaN,
        NaN,
        NaN,
        NaN,
        NaN,
        NaN,
        NaN,
        NaN,
        NaN,
        NaN,
        NaN,
        NaN,
        NaN,
        NaN,
        NaN,
        NaN,
        NaN,
        NaN,
        NaN,
        NaN,
        NaN,
        NaN,
        NaN,
        NaN,
        NaN,
        NaN,
        NaN,
        NaN,
        NaN,
        NaN,
        NaN,
        NaN,
        NaN,
        NaN,
        NaN,
        NaN,
        NaN,
        NaN,
        NaN,
        NaN,
        NaN,
        NaN,
        NaN,
        NaN,
        NaN,
        NaN,
        NaN,
        NaN,
        NaN,
        NaN,
        NaN,
        NaN,
        NaN,
        NaN,
        NaN,
        NaN,
        NaN,
        NaN,
        NaN,
        NaN,
        NaN,
        NaN,
        NaN,
        NaN,
        NaN,
        NaN,
        NaN,
        NaN,
        NaN,
        NaN,
        NaN,
        NaN,
        NaN,
        NaN,
        NaN,
        NaN,
        NaN,
        NaN,
        NaN,
        NaN,
        NaN,
        NaN,
        NaN,
        NaN,
        NaN,
        NaN,
        NaN,
        NaN,
        NaN,
        NaN,
        NaN,
        NaN,
        NaN,
        NaN,
        NaN,
        NaN,
        NaN,
        NaN,
        NaN,
        NaN,
        NaN,
        NaN,
        NaN,
        NaN,
        NaN,
        NaN,
        NaN,
        NaN,
        NaN,
        NaN,
        NaN,
        NaN,
        NaN,
        NaN,
        NaN,
        NaN,
        NaN,
        NaN,
        NaN,
        NaN,
        NaN,
        NaN,
        NaN,
        NaN,
        NaN,
        NaN,
        NaN,
        NaN,
        NaN,
        NaN,
        NaN,
        NaN,
        NaN,
        NaN,
        NaN,
        NaN,
        NaN,
        NaN,
        NaN,
        NaN,
        NaN,
        NaN,
        NaN,
        NaN,
        NaN,
        NaN,
        NaN,
        NaN,
        NaN,
        NaN,
        NaN,
        NaN,
        NaN,
        NaN,
        NaN,
        NaN,
        NaN,
        NaN,
        NaN,
        NaN,
        NaN,
        NaN,
        NaN,
        NaN,
        NaN,
        NaN,
        NaN,
        NaN,
        NaN,
        NaN,
        NaN,
        NaN,
        NaN,
        NaN,
        NaN,
        NaN,
        NaN,
        NaN,
        NaN,
        NaN,
        NaN,
        NaN,
        NaN,
        NaN,
        NaN,
        NaN,
        NaN,
        NaN,
        NaN,
        NaN,
        NaN,
        NaN,
        NaN,
        NaN,
        NaN,
        NaN,
        NaN,
        NaN,
        NaN,
        NaN,
        NaN,
        NaN,
        NaN,
        NaN,
        NaN,
        NaN,
        NaN,
        NaN,
        NaN,
        NaN,
        NaN,
        NaN,
        NaN,
        NaN,
        NaN,
        NaN,
        NaN,
        NaN,
        NaN,
        NaN,
        NaN,
        NaN,
        NaN,
        NaN,
        NaN,
        NaN,
        NaN,
        NaN,
        NaN,
        NaN,
        NaN,
        NaN,
        NaN,
        NaN,
        NaN,
        NaN,
        NaN,
        NaN,
        NaN,
        NaN,
        NaN,
        NaN,
        NaN,
        NaN,
        NaN,
        NaN,
        NaN,
        NaN,
        NaN,
        NaN,
        NaN,
        NaN,
        NaN,
        NaN,
        NaN,
        NaN,
        NaN,
        NaN,
        NaN,
        NaN,
        NaN,
        NaN,
        NaN,
        NaN,
        NaN,
        NaN,
        NaN,
        NaN,
        NaN,
        NaN,
        NaN,
        NaN,
        NaN,
        NaN,
        NaN,
        NaN,
        NaN,
        NaN,
        NaN,
        NaN,
        NaN,
        NaN,
        NaN,
        NaN,
        NaN,
        NaN,
        NaN,
        NaN,
        NaN,
        NaN,
        NaN,
        NaN,
        NaN,
        NaN,
        NaN,
        NaN,
        NaN,
        NaN,
        NaN,
        NaN,
        NaN,
        NaN,
        NaN,
        NaN,
        NaN,
        NaN,
        NaN,
        NaN,
        NaN,
        NaN,
        NaN,
        NaN,
        NaN,
        NaN,
        NaN,
        NaN,
        NaN,
        NaN,
        NaN,
        NaN,
        NaN,
        NaN,
        NaN,
        NaN,
        NaN,
        NaN,
        NaN,
        NaN,
        NaN,
        NaN,
        NaN,
        NaN,
        NaN,
        NaN,
        NaN,
        NaN,
        NaN,
        NaN,
        NaN,
        NaN,
        NaN,
        NaN,
        NaN,
        NaN,
        NaN,
        NaN,
        NaN,
        NaN,
        NaN,
        NaN,
        NaN,
        NaN,
        NaN,
        NaN,
        NaN,
        NaN,
        NaN,
        NaN,
        NaN,
        NaN,
        NaN,
        NaN,
        NaN,
        NaN,
        NaN,
        NaN,
        NaN,
        NaN,
        NaN,
        NaN,
        NaN,
        NaN,
        NaN,
        NaN,
        NaN,
        NaN,
        NaN,
        NaN,
        NaN,
        NaN,
        NaN,
        NaN,
        NaN,
        NaN,
        NaN,
        NaN,
        NaN,
        NaN,
        NaN,
        NaN,
        NaN,
        NaN,
        NaN,
        NaN,
        NaN,
        NaN,
        NaN,
        NaN,
        NaN,
        NaN,
        NaN,
        NaN,
        NaN,
        NaN,
        NaN,
        NaN,
        NaN,
        NaN,
        NaN,
        NaN,
        NaN,
        NaN,
        NaN,
        NaN,
        NaN,
        NaN,
        NaN,
        NaN,
        NaN,
        NaN,
        NaN,
        NaN,
        NaN,
        NaN,
        NaN,
        NaN,
        NaN,
        NaN,
        NaN,
        NaN,
        NaN,
        NaN,
        NaN,
        NaN,
        NaN,
        NaN,
        NaN,
        NaN,
        NaN,
        NaN,
        NaN,
        NaN,
        NaN,
        NaN,
        NaN,
        NaN,
        NaN,
        NaN,
        NaN,
        NaN,
        NaN,
        NaN,
        NaN,
        NaN,
        NaN,
        NaN,
        NaN,
        NaN,
        NaN,
        NaN,
        NaN,
        NaN,
        NaN,
        NaN,
        NaN,
        NaN,
        NaN,
        NaN,
        NaN,
        NaN,
        NaN,
        NaN,
        NaN,
        NaN,
        NaN,
        NaN,
        NaN,
        NaN,
        NaN,
        NaN,
        NaN,
        NaN,
        NaN,
        NaN,
        NaN,
        NaN,
        NaN,
        NaN,
        NaN,
        NaN,
        NaN,
        NaN,
        NaN,
        NaN,
        NaN,
        NaN,
        NaN,
        NaN,
        NaN,
        NaN,
        NaN,
        NaN,
        NaN,
        NaN,
        NaN,
        NaN,
        NaN,
        NaN,
        NaN,
        NaN,
        NaN,
        NaN,
        NaN,
        NaN,
        NaN,
        NaN,
        NaN,
        NaN,
        NaN,
        NaN,
        NaN,
        NaN,
        NaN,
        NaN,
        NaN,
        NaN,
        NaN,
        NaN,
        NaN,
        NaN,
        NaN,
        NaN,
        NaN,
        NaN,
        NaN,
        NaN,
        NaN,
        NaN,
        NaN,
        NaN,
        NaN,
        NaN,
        NaN,
        NaN,
        NaN,
        NaN,
        NaN,
        NaN,
        NaN,
        NaN,
        NaN,
        NaN,
        NaN,
        NaN,
        NaN,
        NaN,
        NaN,
        NaN,
        NaN,
        NaN,
        NaN,
        NaN,
        NaN,
        NaN,
        NaN,
        NaN,
        NaN,
        NaN,
        NaN,
        NaN,
        NaN,
        NaN,
        NaN,
        NaN,
        NaN,
        NaN,
        NaN,
        NaN,
        NaN,
        NaN,
        NaN,
        NaN,
        NaN,
        NaN,
        NaN,
        NaN,
        NaN,
        NaN,
        NaN,
        NaN,
        NaN,
        NaN,
        NaN,
        NaN,
        NaN,
        NaN,
        NaN,
        NaN,
        NaN,
        NaN,
        NaN,
        NaN,
        NaN,
        NaN,
        NaN,
        NaN,
        NaN,
        NaN,
        NaN,
        NaN,
        NaN,
        NaN,
        NaN,
        NaN,
        NaN,
        NaN,
        NaN,
        NaN,
        NaN,
        NaN,
        NaN,
        NaN,
        NaN,
        NaN,
        NaN,
        NaN,
        NaN,
        NaN,
        NaN,
        NaN,
        NaN,
        NaN,
        NaN,
        NaN,
        NaN,
        NaN,
        NaN,
        NaN,
        NaN,
        NaN,
        NaN,
        NaN,
        NaN,
        NaN,
        NaN,
        NaN,
        NaN,
        NaN,
        NaN,
        NaN,
        NaN,
        NaN,
        NaN,
        NaN,
        NaN,
        NaN,
        NaN,
        NaN,
        NaN,
        NaN,
        NaN,
        NaN,
        NaN,
        NaN,
        NaN,
        NaN,
        NaN,
        NaN,
        NaN,
        NaN,
        NaN,
        NaN,
        NaN,
        NaN,
        NaN,
        NaN,
        NaN,
        NaN,
        NaN,
        NaN,
        NaN,
        NaN,
        NaN,
        NaN,
        NaN,
        NaN,
        NaN,
        NaN,
        NaN,
        NaN,
        NaN,
        NaN,
        NaN,
        NaN,
        NaN,
        NaN,
        NaN,
        NaN,
        NaN,
        NaN,
        NaN,
        NaN,
        NaN,
        NaN,
        NaN,
        NaN,
        NaN,
        NaN,
        NaN,
        NaN,
        NaN,
        NaN,
        NaN,
        NaN,
        NaN,
        NaN,
        NaN,
        NaN,
        NaN,
        NaN,
        NaN,
        NaN,
        NaN,
        NaN,
        NaN,
        NaN,
        NaN,
        NaN,
        NaN,
        NaN,
        NaN,
        NaN,
        NaN,
        NaN,
        NaN,
        NaN,
        NaN,
        NaN,
        NaN,
        NaN,
        NaN,
        NaN,
        NaN,
        NaN,
        NaN,
        NaN,
        NaN,
        NaN,
        NaN,
        NaN,
        NaN,
        NaN,
        NaN,
        NaN,
        NaN,
        NaN,
        NaN,
        NaN,
        NaN,
        NaN,
        NaN,
        NaN,
        NaN,
        NaN,
        NaN,
        NaN,
        NaN,
        NaN,
        NaN,
        NaN,
        NaN,
        NaN,
        NaN,
        NaN,
        NaN,
        NaN,
        NaN,
        NaN,
        NaN,
        NaN,
        NaN,
        NaN,
        NaN,
        NaN,
        NaN,
        NaN,
        NaN,
        NaN,
        NaN,
        NaN,
        NaN,
        NaN,
        NaN,
        NaN,
        NaN,
        NaN,
        NaN,
        NaN,
        NaN,
        NaN,
        NaN,
        NaN,
        NaN,
        NaN,
        NaN,
        NaN,
        NaN,
        NaN,
        NaN,
        NaN,
        NaN,
        NaN,
        NaN,
        NaN,
        NaN,
        NaN,
        NaN,
        NaN,
        NaN,
        NaN,
        NaN,
        NaN,
        NaN,
        NaN,
        NaN,
        NaN,
        NaN,
        NaN,
        NaN,
        NaN,
        NaN,
        NaN,
        NaN,
        NaN,
        NaN,
        NaN,
        NaN,
        NaN,
        NaN,
        NaN,
        NaN,
        NaN,
        NaN,
        NaN,
        NaN,
        NaN,
        NaN,
        NaN,
        NaN,
        NaN,
        NaN,
        NaN,
        NaN,
        NaN,
        NaN,
        NaN,
        NaN,
        NaN,
        NaN,
        NaN,
        NaN,
        NaN,
        NaN,
        NaN,
        NaN,
        NaN,
        NaN,
        NaN,
        NaN,
        NaN,
        NaN,
        NaN,
        NaN,
        NaN,
        NaN,
        NaN,
        NaN,
        NaN,
        NaN,
        NaN,
        NaN,
        NaN,
        NaN,
        NaN,
        NaN,
        NaN,
        NaN,
        NaN,
        NaN,
        NaN,
        NaN,
        NaN,
        NaN,
        NaN,
        NaN,
        NaN,
        NaN,
        NaN,
        NaN,
        NaN,
        NaN,
        NaN,
        NaN,
        NaN,
        NaN,
        NaN,
        NaN,
        NaN,
        NaN,
        NaN,
        NaN,
        NaN,
        NaN,
        NaN,
        NaN,
        NaN,
        NaN,
        NaN,
        NaN,
        NaN,
        NaN,
        NaN,
        NaN,
        NaN,
        NaN,
        NaN,
        NaN,
        NaN,
        NaN,
        NaN,
        NaN,
        NaN,
        NaN,
        NaN,
        NaN,
        NaN,
        NaN,
        NaN,
        NaN,
        NaN,
        NaN,
        NaN,
        NaN,
        NaN,
        NaN,
        NaN,
        NaN,
        NaN,
        NaN,
        NaN,
        NaN,
        NaN,
        NaN,
        NaN,
        NaN,
        NaN,
        NaN,
        NaN,
        NaN,
        NaN,
        NaN,
        NaN,
        NaN,
        NaN,
        NaN,
        NaN,
        NaN,
        NaN,
        NaN,
        NaN,
        NaN,
        NaN,
        NaN,
        NaN,
        NaN,
        NaN,
        NaN,
        NaN,
        NaN,
        NaN,
        NaN,
        NaN,
        NaN,
        NaN,
        NaN,
        NaN,
        NaN,
        NaN,
        NaN,
        NaN,
        NaN,
        NaN,
        NaN,
        NaN,
        NaN,
        NaN,
        NaN,
        NaN,
        NaN,
        NaN,
        NaN,
        NaN,
        NaN,
        NaN,
        NaN,
        NaN,
        NaN,
        NaN,
        NaN,
        NaN,
        NaN,
        NaN,
        NaN,
        NaN,
        NaN,
        NaN,
        NaN,
        NaN,
        NaN,
        NaN,
        NaN,
        NaN,
        NaN,
        NaN,
        NaN,
        NaN,
        NaN,
        NaN,
        NaN,
        NaN,
        NaN,
        NaN,
        NaN,
        NaN,
        NaN,
        NaN,
        NaN,
        NaN,
        NaN,
        NaN,
        NaN,
        NaN,
        NaN,
        NaN,
        NaN,
        NaN,
        NaN,
        NaN,
        NaN,
        NaN,
        NaN,
        NaN,
        NaN,
        NaN,
        NaN,
        NaN,
        NaN,
        NaN,
        NaN,
        NaN,
        NaN,
        NaN,
        NaN,
        NaN,
        NaN,
        NaN,
        NaN,
        NaN,
        NaN,
        NaN,
        NaN,
        NaN,
        NaN,
        NaN,
        NaN,
        NaN,
        NaN,
        NaN,
        NaN,
        NaN,
        NaN,
        NaN,
        NaN,
        NaN,
        NaN,
        NaN,
        NaN,
        NaN,
        NaN,
        NaN,
        NaN,
        NaN,
        NaN,
        NaN,
        NaN,
        NaN,
        NaN,
        NaN,
        NaN,
        NaN,
        NaN,
        NaN,
        NaN,
        NaN,
        NaN,
        NaN,
        NaN,
        NaN,
        NaN,
        NaN,
        NaN,
        NaN,
        NaN,
        NaN,
        NaN,
        NaN,
        NaN,
        NaN,
        NaN,
        NaN,
        NaN,
        NaN,
        NaN,
        NaN,
        NaN,
        NaN,
        NaN,
        NaN,
        NaN,
        NaN,
        NaN,
        NaN,
        NaN,
        NaN,
        NaN,
        NaN,
        NaN,
        NaN,
        NaN,
        NaN,
        NaN,
        NaN,
        NaN,
        NaN,
        NaN,
        NaN,
        NaN,
        NaN,
        NaN,
        NaN,
        NaN,
        NaN,
        NaN,
        NaN,
        NaN,
        NaN,
        NaN,
        NaN,
        NaN,
        NaN,
        NaN,
        NaN,
        NaN,
        NaN,
        NaN,
        NaN,
        NaN,
        NaN,
        NaN,
        NaN,
        NaN,
        NaN,
        NaN,
        NaN,
        NaN,
        NaN,
        NaN,
        NaN,
        NaN,
        NaN,
        NaN,
        NaN,
        NaN,
        NaN,
        NaN,
        NaN,
        NaN,
        NaN,
        NaN,
        NaN,
        NaN,
        NaN,
        NaN,
        NaN,
        NaN,
        NaN,
        NaN,
        NaN,
        NaN,
        NaN,
        NaN,
        NaN,
        NaN,
        NaN,
        NaN,
        NaN,
        NaN,
        NaN,
        NaN,
        NaN,
        NaN,
        NaN,
        NaN,
        NaN,
        NaN,
        NaN,
        NaN,
        NaN,
        NaN,
        NaN,
        NaN,
        NaN,
        NaN,
        NaN,
        NaN,
        NaN,
        NaN,
        NaN,
        NaN,
        NaN,
        NaN,
        NaN,
        NaN,
        NaN,
        NaN,
        NaN,
        NaN,
        NaN,
        NaN,
        NaN,
        NaN,
        NaN,
        NaN,
        NaN,
        NaN,
        NaN,
        NaN,
        NaN,
        NaN,
        NaN,
        NaN,
        NaN,
        NaN,
        NaN,
        NaN,
        NaN,
        NaN,
        NaN,
        NaN,
        NaN,
        NaN,
        NaN,
        NaN,
        NaN,
        NaN,
        NaN,
        NaN,
        NaN,
        NaN,
        NaN,
        NaN,
        NaN,
        NaN,
        NaN,
        NaN,
        NaN,
        NaN,
        NaN,
        NaN,
        NaN,
        NaN,
        NaN,
        NaN,
        NaN,
        NaN,
        NaN,
        NaN,
        NaN,
        NaN,
        NaN,
        NaN,
        NaN,
        NaN,
        NaN,
        NaN,
        NaN,
        NaN,
        NaN,
        NaN,
        NaN,
        NaN,
        NaN,
        NaN,
        NaN,
        NaN,
        NaN,
        NaN,
        NaN,
        NaN,
        NaN,
        NaN,
        NaN,
        NaN,
        NaN,
        NaN,
        NaN,
        NaN,
        NaN
    ],
    "train_accuracies": [
        0.10817307692307693,
        0.8185096153846154,
        0.8478565705128205,
        0.8564703525641025,
        0.8334334935897436,
        0.8775040064102564,
        0.8890224358974359,
        0.8948317307692307,
        0.8947315705128205,
        0.8975360576923077,
        0.9063501602564102,
        0.9016426282051282,
        0.9151642628205128,
        0.9177684294871795,
        0.9022435897435898,
        0.9136618589743589,
        0.9243790064102564,
        0.9211738782051282,
        0.9201722756410257,
        0.9221754807692307,
        0.9272836538461539,
        0.9224759615384616,
        0.9270833333333334,
        0.9299879807692307,
        0.9339943910256411,
        0.9309895833333334,
        0.9454126602564102,
        0.09935897435897435,
        0.09795673076923077,
        0.10236378205128205,
        0.1031650641025641,
        0.09525240384615384,
        0.09785657051282051,
        0.10076121794871795,
        0.10046073717948718,
        0.09865785256410256,
        0.09885817307692307,
        0.09775641025641026,
        0.10146233974358974,
        0.09935897435897435,
        0.10086137820512821,
        0.0999599358974359,
        0.10016025641025642,
        0.09635416666666667,
        0.09985977564102565,
        0.10276442307692307,
        0.10206330128205128,
        0.10036057692307693,
        0.10126201923076923,
        0.10186298076923077,
        0.10366586538461539,
        0.10006009615384616,
        0.09805689102564102,
        0.09885817307692307,
        0.10356570512820513,
        0.10026041666666667,
        0.09875801282051282,
        0.10116185897435898,
        0.09725560897435898,
        0.10126201923076923,
        0.10106169871794872,
        0.10166266025641026,
        0.09975961538461539,
        0.09815705128205128,
        0.10446714743589744,
        0.09975961538461539,
        0.10256410256410256,
        0.09955929487179487,
        0.09905849358974358,
        0.09825721153846154,
        0.09775641025641026,
        0.09885817307692307,
        0.10196314102564102,
        0.09835737179487179,
        0.0985576923076923,
        0.10506810897435898,
        0.09795673076923077,
        0.10326522435897435,
        0.09775641025641026,
        0.09945913461538461,
        0.09845753205128205,
        0.10176282051282051,
        0.0953525641025641,
        0.09975961538461539,
        0.09845753205128205,
        0.10046073717948718,
        0.1024639423076923,
        0.10056089743589744,
        0.10046073717948718,
        0.09735576923076923,
        0.09695512820512821,
        0.09705528846153846,
        0.10216346153846154,
        0.09735576923076923,
        0.09975961538461539,
        0.10006009615384616,
        0.09975961538461539,
        0.1024639423076923,
        0.09985977564102565,
        0.10136217948717949,
        0.09835737179487179
    ],
    "valid_accuracies": [
        0.10326522435897435,
        0.8194110576923077,
        0.8454527243589743,
        0.8488581730769231,
        0.8299278846153846,
        0.8646834935897436,
        0.8739983974358975,
        0.8792067307692307,
        0.8819110576923077,
        0.8828125,
        0.8841145833333334,
        0.8822115384615384,
        0.8916266025641025,
        0.8870192307692307,
        0.8804086538461539,
        0.8893229166666666,
        0.8907251602564102,
        0.8912259615384616,
        0.8929286858974359,
        0.887520032051282,
        0.8896233974358975,
        0.8951322115384616,
        0.8962339743589743,
        0.8935296474358975,
        0.8939302884615384,
        0.8960336538461539,
        0.9007411858974359,
        0.10356570512820513,
        0.10366586538461539,
        0.10366586538461539,
        0.10376602564102565,
        0.10366586538461539,
        0.10366586538461539,
        0.10366586538461539,
        0.10356570512820513,
        0.10376602564102565,
        0.10376602564102565,
        0.10366586538461539,
        0.10356570512820513,
        0.10366586538461539,
        0.10346554487179487,
        0.10376602564102565,
        0.10366586538461539,
        0.10366586538461539,
        0.10336538461538461,
        0.10376602564102565,
        0.10346554487179487,
        0.10346554487179487,
        0.10366586538461539,
        0.10366586538461539,
        0.10336538461538461,
        0.10366586538461539,
        0.10356570512820513,
        0.10346554487179487,
        0.10336538461538461,
        0.10346554487179487,
        0.10366586538461539,
        0.10366586538461539,
        0.10356570512820513,
        0.10376602564102565,
        0.10376602564102565,
        0.10366586538461539,
        0.10356570512820513,
        0.10366586538461539,
        0.10376602564102565,
        0.10366586538461539,
        0.10376602564102565,
        0.10356570512820513,
        0.10336538461538461,
        0.10366586538461539,
        0.10356570512820513,
        0.10366586538461539,
        0.10366586538461539,
        0.10366586538461539,
        0.10356570512820513,
        0.10346554487179487,
        0.10366586538461539,
        0.10366586538461539,
        0.10356570512820513,
        0.10356570512820513,
        0.10356570512820513,
        0.10366586538461539,
        0.10366586538461539,
        0.10356570512820513,
        0.10346554487179487,
        0.10336538461538461,
        0.10336538461538461,
        0.10366586538461539,
        0.10356570512820513,
        0.10326522435897435,
        0.10376602564102565,
        0.10366586538461539,
        0.10366586538461539,
        0.10376602564102565,
        0.10366586538461539,
        0.10356570512820513,
        0.10366586538461539,
        0.10356570512820513,
        0.10376602564102565,
        0.10356570512820513,
        0.10336538461538461
    ],
    "test_accuracies": [
        0.10977564102564102,
        0.8115985576923077,
        0.83984375,
        0.8415464743589743,
        0.8201121794871795,
        0.8582732371794872,
        0.8623798076923077,
        0.8691907051282052,
        0.874198717948718,
        0.8739983974358975,
        0.8764022435897436,
        0.8766025641025641,
        0.8833133012820513,
        0.8795072115384616,
        0.8739983974358975,
        0.8800080128205128,
        0.8871193910256411,
        0.8842147435897436,
        0.8850160256410257,
        0.8864182692307693,
        0.882011217948718,
        0.8879206730769231,
        0.8911258012820513,
        0.889823717948718,
        0.8876201923076923,
        0.8858173076923077,
        0.8935296474358975,
        0.10016025641025642,
        0.10016025641025642,
        0.10016025641025642,
        0.10016025641025642,
        0.10016025641025642,
        0.10016025641025642,
        0.10016025641025642,
        0.10016025641025642,
        0.10016025641025642,
        0.10016025641025642,
        0.10016025641025642,
        0.10016025641025642,
        0.10016025641025642,
        0.10016025641025642,
        0.10016025641025642,
        0.10016025641025642,
        0.10016025641025642,
        0.10016025641025642,
        0.10016025641025642,
        0.10016025641025642,
        0.10016025641025642,
        0.10016025641025642,
        0.10016025641025642,
        0.10016025641025642,
        0.10016025641025642,
        0.10016025641025642,
        0.10016025641025642,
        0.10016025641025642,
        0.10016025641025642,
        0.10016025641025642,
        0.10016025641025642,
        0.10016025641025642,
        0.10016025641025642,
        0.10016025641025642,
        0.10016025641025642,
        0.10016025641025642,
        0.10016025641025642,
        0.10016025641025642,
        0.10016025641025642,
        0.10016025641025642,
        0.10016025641025642,
        0.10016025641025642,
        0.10016025641025642,
        0.10016025641025642,
        0.10016025641025642,
        0.10016025641025642,
        0.10016025641025642,
        0.10016025641025642,
        0.10016025641025642,
        0.10016025641025642,
        0.10016025641025642,
        0.10016025641025642,
        0.10016025641025642,
        0.10016025641025642,
        0.10016025641025642,
        0.10016025641025642,
        0.10016025641025642,
        0.10016025641025642,
        0.10016025641025642,
        0.10016025641025642,
        0.10016025641025642,
        0.10016025641025642,
        0.10016025641025642,
        0.10016025641025642,
        0.10016025641025642,
        0.10016025641025642,
        0.10016025641025642,
        0.10016025641025642,
        0.10016025641025642,
        0.10016025641025642,
        0.10016025641025642,
        0.10016025641025642,
        0.10016025641025642,
        0.10016025641025642
    ]
}