{
    "0": {
        "GradHist2d": {
            "edges": [
                {
                    "__ndarray__": [
                        -1.5,
                        -1.4249999523162842,
                        -1.350000023841858,
                        -1.274999976158142,
                        -1.2000000476837158,
                        -1.125,
                        -1.0499999523162842,
                        -0.9749999642372131,
                        -0.8999999761581421,
                        -0.824999988079071,
                        -0.75,
                        -0.6749999523162842,
                        -0.5999999642372131,
                        -0.5249999761581421,
                        -0.44999995827674866,
                        -0.3749999403953552,
                        -0.2999999523162842,
                        -0.22499994933605194,
                        -0.1499999463558197,
                        -0.07499994337558746,
                        -5.960464477539063e-08,
                        0.07499994337558746,
                        0.1499999463558197,
                        0.22499994933605194,
                        0.2999999523162842,
                        0.3749999403953552,
                        0.44999995827674866,
                        0.5249999761581421,
                        0.5999999642372131,
                        0.6749999523162842,
                        0.75,
                        0.824999988079071,
                        0.8999999761581421,
                        0.9749999642372131,
                        1.0499999523162842,
                        1.125,
                        1.2000000476837158,
                        1.274999976158142,
                        1.350000023841858,
                        1.4249999523162842,
                        1.5
                    ],
                    "dtype": "float32",
                    "shape": [
                        41
                    ]
                },
                {
                    "__ndarray__": [
                        -0.20000000298023224,
                        -0.19200000166893005,
                        -0.18400000035762787,
                        -0.17599999904632568,
                        -0.1679999977350235,
                        -0.1599999964237213,
                        -0.15199999511241913,
                        -0.14399999380111694,
                        -0.13600000739097595,
                        -0.12800000607967377,
                        -0.11999999731779099,
                        -0.1119999960064888,
                        -0.10400000214576721,
                        -0.09600000083446503,
                        -0.08799999952316284,
                        -0.07999999821186066,
                        -0.07199999690055847,
                        -0.06399999558925629,
                        -0.0559999942779541,
                        -0.047999996691942215,
                        -0.03999999538064003,
                        -0.031999994069337845,
                        -0.02399999462068081,
                        -0.015999995172023773,
                        -0.007999993860721588,
                        -6.51925802230835e-09,
                        0.007999993860721588,
                        0.015999995172023773,
                        0.02399999462068081,
                        0.031999994069337845,
                        0.03999999538064003,
                        0.047999996691942215,
                        0.0559999942779541,
                        0.06399999558925629,
                        0.07199999690055847,
                        0.07999999821186066,
                        0.08799999952316284,
                        0.09600000083446503,
                        0.10400000214576721,
                        0.1119999960064888,
                        0.11999999731779099,
                        0.12800000607967377,
                        0.13600000739097595,
                        0.14399999380111694,
                        0.15199999511241913,
                        0.1599999964237213,
                        0.1679999977350235,
                        0.17599999904632568,
                        0.18400000035762787,
                        0.19200000166893005,
                        0.20000000298023224
                    ],
                    "dtype": "float32",
                    "shape": [
                        51
                    ]
                }
            ],
            "hist": {
                "Corder": true,
                "__ndarray__": [
                    [
                        0,
                        0,
                        0,
                        0,
                        0,
                        0,
                        232,
                        664,
                        571,
                        862,
                        942,
                        1790,
                        2634,
                        5482,
                        29892,
                        34947,
                        45210,
                        139327,
                        230039,
                        249108,
                        270680,
                        307838,
                        327565,
                        342690,
                        368430,
                        368126,
                        361688,
                        341135,
                        321662,
                        301118,
                        269098,
                        257795,
                        151550,
                        49549,
                        42420,
                        36084,
                        7334,
                        2772,
                        1640,
                        681,
                        722,
                        462,
                        553,
                        288,
                        0,
                        0,
                        0,
                        0,
                        0,
                        0
                    ],
                    [
                        0,
                        0,
                        0,
                        0,
                        0,
                        0,
                        0,
                        5,
                        10,
                        11,
                        28,
                        46,
                        102,
                        189,
                        1158,
                        1463,
                        1769,
                        7297,
                        12408,
                        13145,
                        14062,
                        15439,
                        16275,
                        16870,
                        17487,
                        17849,
                        17267,
                        16256,
                        15791,
                        15168,
                        14131,
                        13607,
                        7773,
                        1807,
                        1464,
                        1380,
                        236,
                        79,
                        37,
                        11,
                        15,
                        9,
                        2,
                        1,
                        0,
                        0,
                        0,
                        0,
                        0,
                        0
                    ],
                    [
                        0,
                        0,
                        0,
                        0,
                        0,
                        0,
                        2,
                        6,
                        8,
                        12,
                        39,
                        44,
                        93,
                        225,
                        1228,
                        1456,
                        1781,
                        7618,
                        13212,
                        13852,
                        14948,
                        16625,
                        17357,
                        17714,
                        18712,
                        18816,
                        18225,
                        17410,
                        16848,
                        15980,
                        14832,
                        14673,
                        8173,
                        1923,
                        1628,
                        1414,
                        290,
                        111,
                        38,
                        16,
                        9,
                        11,
                        7,
                        2,
                        0,
                        0,
                        0,
                        0,
                        0,
                        0
                    ],
                    [
                        0,
                        0,
                        0,
                        0,
                        0,
                        0,
                        2,
                        3,
                        11,
                        24,
                        31,
                        61,
                        97,
                        228,
                        1326,
                        1586,
                        1881,
                        7984,
                        14172,
                        14885,
                        15812,
                        17782,
                        18403,
                        18900,
                        19786,
                        20262,
                        20100,
                        18733,
                        17968,
                        17013,
                        16095,
                        15611,
                        8731,
                        2097,
                        1731,
                        1494,
                        296,
                        87,
                        42,
                        19,
                        19,
                        7,
                        9,
                        4,
                        0,
                        0,
                        0,
                        0,
                        0,
                        0
                    ],
                    [
                        0,
                        0,
                        0,
                        0,
                        0,
                        0,
                        0,
                        1,
                        11,
                        25,
                        31,
                        52,
                        117,
                        232,
                        1411,
                        1779,
                        2016,
                        8848,
                        15176,
                        15856,
                        16915,
                        18649,
                        19754,
                        20192,
                        21516,
                        21673,
                        20911,
                        19814,
                        19102,
                        18538,
                        17087,
                        16497,
                        9280,
                        2201,
                        1731,
                        1558,
                        310,
                        119,
                        40,
                        19,
                        23,
                        1,
                        6,
                        6,
                        0,
                        0,
                        0,
                        0,
                        0,
                        0
                    ],
                    [
                        0,
                        0,
                        0,
                        0,
                        0,
                        0,
                        1,
                        5,
                        14,
                        23,
                        38,
                        49,
                        123,
                        233,
                        1440,
                        1791,
                        2210,
                        9344,
                        16171,
                        17272,
                        18358,
                        20092,
                        21355,
                        21634,
                        23071,
                        22989,
                        22484,
                        21496,
                        20533,
                        19616,
                        18119,
                        17886,
                        10023,
                        2481,
                        1915,
                        1683,
                        297,
                        129,
                        61,
                        19,
                        26,
                        6,
                        3,
                        2,
                        0,
                        0,
                        0,
                        0,
                        0,
                        0
                    ],
                    [
                        0,
                        0,
                        0,
                        0,
                        0,
                        0,
                        2,
                        1,
                        11,
                        29,
                        31,
                        62,
                        135,
                        268,
                        1521,
                        1858,
                        2316,
                        9916,
                        17315,
                        18615,
                        19873,
                        21423,
                        22845,
                        23142,
                        24506,
                        24979,
                        24300,
                        23008,
                        22306,
                        20984,
                        19723,
                        19043,
                        10754,
                        2451,
                        1889,
                        1759,
                        316,
                        134,
                        55,
                        18,
                        16,
                        6,
                        10,
                        1,
                        0,
                        0,
                        0,
                        0,
                        0,
                        0
                    ],
                    [
                        0,
                        0,
                        0,
                        0,
                        0,
                        0,
                        2,
                        1,
                        10,
                        17,
                        37,
                        59,
                        146,
                        293,
                        1703,
                        1988,
                        2421,
                        10882,
                        18936,
                        20016,
                        21582,
                        23201,
                        24374,
                        25339,
                        26806,
                        26476,
                        26255,
                        25102,
                        24183,
                        22851,
                        21389,
                        20556,
                        11647,
                        2574,
                        2056,
                        1860,
                        353,
                        136,
                        82,
                        19,
                        27,
                        9,
                        3,
                        5,
                        0,
                        0,
                        0,
                        0,
                        0,
                        0
                    ],
                    [
                        0,
                        0,
                        0,
                        0,
                        0,
                        0,
                        2,
                        5,
                        5,
                        23,
                        34,
                        71,
                        154,
                        306,
                        1753,
                        2196,
                        2560,
                        11787,
                        20384,
                        21925,
                        23339,
                        25214,
                        26483,
                        27238,
                        28619,
                        29012,
                        28425,
                        26965,
                        25825,
                        24817,
                        22678,
                        22221,
                        12496,
                        2761,
                        2263,
                        1991,
                        348,
                        127,
                        56,
                        26,
                        18,
                        7,
                        5,
                        6,
                        0,
                        0,
                        0,
                        0,
                        0,
                        0
                    ],
                    [
                        0,
                        0,
                        0,
                        0,
                        0,
                        0,
                        0,
                        2,
                        14,
                        20,
                        49,
                        69,
                        168,
                        359,
                        1851,
                        2337,
                        2759,
                        12606,
                        22064,
                        23416,
                        24766,
                        27601,
                        28790,
                        29579,
                        31086,
                        31168,
                        30522,
                        29510,
                        28161,
                        26186,
                        25025,
                        23991,
                        13376,
                        3017,
                        2401,
                        2130,
                        418,
                        149,
                        79,
                        36,
                        24,
                        9,
                        5,
                        4,
                        0,
                        0,
                        0,
                        0,
                        0,
                        0
                    ],
                    [
                        0,
                        0,
                        0,
                        0,
                        0,
                        0,
                        2,
                        3,
                        16,
                        23,
                        40,
                        96,
                        166,
                        354,
                        2049,
                        2448,
                        3085,
                        13908,
                        24025,
                        25642,
                        27528,
                        29816,
                        31501,
                        32124,
                        33821,
                        34000,
                        32917,
                        31611,
                        30272,
                        28950,
                        27049,
                        26366,
                        14802,
                        3214,
                        2653,
                        2260,
                        437,
                        162,
                        85,
                        30,
                        21,
                        11,
                        5,
                        4,
                        0,
                        0,
                        0,
                        0,
                        0,
                        0
                    ],
                    [
                        0,
                        0,
                        0,
                        0,
                        0,
                        0,
                        1,
                        4,
                        10,
                        28,
                        45,
                        101,
                        195,
                        402,
                        2218,
                        2776,
                        3327,
                        14952,
                        26432,
                        27944,
                        30133,
                        32318,
                        34383,
                        35343,
                        37011,
                        36867,
                        36187,
                        34384,
                        33244,
                        31043,
                        29614,
                        28170,
                        16254,
                        3385,
                        2736,
                        2495,
                        441,
                        179,
                        100,
                        33,
                        30,
                        9,
                        6,
                        4,
                        0,
                        0,
                        0,
                        0,
                        0,
                        0
                    ],
                    [
                        0,
                        0,
                        0,
                        0,
                        0,
                        0,
                        3,
                        2,
                        10,
                        17,
                        70,
                        102,
                        210,
                        438,
                        2407,
                        2962,
                        3609,
                        16392,
                        29330,
                        30750,
                        33238,
                        35967,
                        38190,
                        39096,
                        40811,
                        40413,
                        39832,
                        37793,
                        36276,
                        34546,
                        32058,
                        30816,
                        17584,
                        3816,
                        3008,
                        2674,
                        487,
                        199,
                        90,
                        34,
                        39,
                        9,
                        9,
                        5,
                        0,
                        0,
                        0,
                        0,
                        0,
                        0
                    ],
                    [
                        0,
                        0,
                        0,
                        0,
                        0,
                        0,
                        3,
                        3,
                        15,
                        32,
                        70,
                        113,
                        232,
                        540,
                        2606,
                        3290,
                        4176,
                        18212,
                        32175,
                        33894,
                        37103,
                        39112,
                        42032,
                        42723,
                        44789,
                        44805,
                        43983,
                        41641,
                        40505,
                        37987,
                        35986,
                        34259,
                        19441,
                        4066,
                        3238,
                        2824,
                        561,
                        221,
                        109,
                        33,
                        33,
                        8,
                        8,
                        3,
                        0,
                        0,
                        0,
                        0,
                        0,
                        0
                    ],
                    [
                        0,
                        0,
                        0,
                        0,
                        0,
                        0,
                        5,
                        3,
                        24,
                        22,
                        64,
                        126,
                        273,
                        598,
                        2928,
                        3620,
                        4497,
                        20375,
                        36302,
                        38148,
                        40966,
                        44204,
                        47119,
                        48061,
                        50178,
                        50286,
                        49080,
                        46604,
                        45034,
                        42544,
                        40045,
                        38223,
                        21634,
                        4473,
                        3685,
                        3065,
                        611,
                        248,
                        128,
                        37,
                        41,
                        14,
                        7,
                        9,
                        0,
                        0,
                        0,
                        0,
                        0,
                        0
                    ],
                    [
                        0,
                        0,
                        0,
                        0,
                        0,
                        0,
                        3,
                        0,
                        21,
                        32,
                        80,
                        155,
                        317,
                        677,
                        3377,
                        4172,
                        5100,
                        23045,
                        40675,
                        43451,
                        46595,
                        49656,
                        53516,
                        54237,
                        56663,
                        56927,
                        55551,
                        52395,
                        50920,
                        47812,
                        45304,
                        42804,
                        24272,
                        5060,
                        4050,
                        3497,
                        750,
                        280,
                        149,
                        44,
                        46,
                        15,
                        16,
                        5,
                        0,
                        0,
                        0,
                        0,
                        0,
                        0
                    ],
                    [
                        0,
                        0,
                        0,
                        0,
                        0,
                        0,
                        3,
                        5,
                        10,
                        33,
                        118,
                        135,
                        359,
                        749,
                        3834,
                        4891,
                        5828,
                        26413,
                        46508,
                        49687,
                        53548,
                        57199,
                        61669,
                        62240,
                        65372,
                        65489,
                        63363,
                        60059,
                        58496,
                        55007,
                        52104,
                        48597,
                        27898,
                        5967,
                        4768,
                        4190,
                        822,
                        307,
                        175,
                        59,
                        48,
                        16,
                        18,
                        6,
                        0,
                        0,
                        0,
                        0,
                        0,
                        0
                    ],
                    [
                        0,
                        0,
                        0,
                        0,
                        0,
                        0,
                        5,
                        5,
                        15,
                        47,
                        102,
                        167,
                        438,
                        917,
                        4551,
                        5805,
                        7030,
                        31211,
                        54681,
                        58330,
                        62709,
                        66875,
                        72430,
                        73736,
                        78876,
                        76914,
                        74777,
                        71409,
                        69007,
                        64529,
                        60584,
                        56251,
                        32674,
                        6920,
                        5547,
                        4920,
                        919,
                        378,
                        215,
                        70,
                        61,
                        35,
                        20,
                        10,
                        0,
                        0,
                        0,
                        0,
                        0,
                        0
                    ],
                    [
                        0,
                        0,
                        0,
                        0,
                        0,
                        0,
                        3,
                        4,
                        25,
                        39,
                        138,
                        231,
                        509,
                        1180,
                        5896,
                        7497,
                        9050,
                        37907,
                        67175,
                        71732,
                        77574,
                        82338,
                        89377,
                        92331,
                        102932,
                        94635,
                        92262,
                        87344,
                        84649,
                        78447,
                        73888,
                        68916,
                        39908,
                        8537,
                        6930,
                        6177,
                        1164,
                        475,
                        257,
                        113,
                        88,
                        31,
                        14,
                        16,
                        0,
                        0,
                        0,
                        0,
                        0,
                        0
                    ],
                    [
                        0,
                        0,
                        0,
                        0,
                        0,
                        0,
                        1,
                        10,
                        34,
                        79,
                        230,
                        390,
                        859,
                        2104,
                        8782,
                        11012,
                        13802,
                        56451,
                        100949,
                        108475,
                        118548,
                        125960,
                        137976,
                        142491,
                        166465,
                        144923,
                        140838,
                        131863,
                        127808,
                        118889,
                        110875,
                        102227,
                        58312,
                        13190,
                        10176,
                        8285,
                        1931,
                        765,
                        430,
                        138,
                        121,
                        58,
                        19,
                        12,
                        0,
                        0,
                        0,
                        0,
                        0,
                        0
                    ],
                    [
                        0,
                        0,
                        0,
                        0,
                        0,
                        128,
                        5038,
                        9887,
                        9892,
                        10503,
                        12229,
                        12924,
                        18726,
                        63522,
                        668203,
                        695594,
                        764810,
                        2720975,
                        4686334,
                        4792414,
                        4926304,
                        5066369,
                        5216088,
                        5339782,
                        5451164,
                        5322512,
                        5215549,
                        5099578,
                        4990841,
                        4835076,
                        4687797,
                        4478083,
                        2653708,
                        707678,
                        669766,
                        648980,
                        65619,
                        17090,
                        13388,
                        10228,
                        8908,
                        9182,
                        9223,
                        7441,
                        0,
                        0,
                        0,
                        0,
                        0,
                        0
                    ],
                    [
                        0,
                        0,
                        0,
                        0,
                        0,
                        0,
                        1,
                        5,
                        17,
                        48,
                        179,
                        258,
                        576,
                        1348,
                        6814,
                        8251,
                        10211,
                        42030,
                        73299,
                        78726,
                        84980,
                        89270,
                        98212,
                        99750,
                        113366,
                        102432,
                        100314,
                        95309,
                        92135,
                        86407,
                        81355,
                        75040,
                        43649,
                        9741,
                        7837,
                        7065,
                        1343,
                        497,
                        263,
                        88,
                        74,
                        20,
                        16,
                        15,
                        0,
                        0,
                        0,
                        0,
                        0,
                        0
                    ],
                    [
                        0,
                        0,
                        0,
                        0,
                        0,
                        0,
                        1,
                        5,
                        14,
                        36,
                        161,
                        191,
                        449,
                        1138,
                        5737,
                        6858,
                        8243,
                        34812,
                        61040,
                        64578,
                        69664,
                        73728,
                        80104,
                        82197,
                        87369,
                        84155,
                        82127,
                        78672,
                        76276,
                        72120,
                        67519,
                        62508,
                        35929,
                        8142,
                        6609,
                        5970,
                        1124,
                        366,
                        217,
                        68,
                        64,
                        29,
                        20,
                        11,
                        0,
                        0,
                        0,
                        0,
                        0,
                        0
                    ],
                    [
                        0,
                        0,
                        0,
                        0,
                        0,
                        0,
                        3,
                        2,
                        10,
                        33,
                        121,
                        170,
                        370,
                        906,
                        5093,
                        5766,
                        6901,
                        29686,
                        52664,
                        55514,
                        60286,
                        63664,
                        69466,
                        70597,
                        72960,
                        72041,
                        70851,
                        67908,
                        64834,
                        62862,
                        57836,
                        54255,
                        31603,
                        7108,
                        5751,
                        5171,
                        974,
                        299,
                        204,
                        49,
                        37,
                        21,
                        18,
                        13,
                        0,
                        0,
                        0,
                        0,
                        0,
                        0
                    ],
                    [
                        0,
                        0,
                        0,
                        0,
                        0,
                        0,
                        6,
                        5,
                        15,
                        33,
                        108,
                        136,
                        359,
                        721,
                        4544,
                        5065,
                        6110,
                        26584,
                        46566,
                        49381,
                        52781,
                        56976,
                        60614,
                        62127,
                        63479,
                        63965,
                        62902,
                        59442,
                        57916,
                        55390,
                        51820,
                        48096,
                        28128,
                        6225,
                        5258,
                        4697,
                        811,
                        281,
                        155,
                        50,
                        41,
                        15,
                        13,
                        6,
                        0,
                        0,
                        0,
                        0,
                        0,
                        0
                    ],
                    [
                        0,
                        0,
                        0,
                        0,
                        0,
                        0,
                        4,
                        4,
                        20,
                        24,
                        96,
                        144,
                        318,
                        659,
                        3976,
                        4562,
                        5581,
                        23956,
                        41620,
                        44270,
                        47494,
                        50594,
                        54430,
                        55590,
                        57049,
                        57241,
                        55998,
                        53834,
                        51794,
                        49831,
                        46789,
                        43759,
                        25083,
                        5591,
                        4740,
                        4303,
                        772,
                        221,
                        163,
                        53,
                        40,
                        15,
                        9,
                        7,
                        0,
                        0,
                        0,
                        0,
                        0,
                        0
                    ],
                    [
                        0,
                        0,
                        0,
                        0,
                        0,
                        0,
                        3,
                        5,
                        10,
                        21,
                        80,
                        100,
                        232,
                        653,
                        3703,
                        4180,
                        5077,
                        21600,
                        37612,
                        39697,
                        42342,
                        45858,
                        49264,
                        50452,
                        51533,
                        51838,
                        51032,
                        48850,
                        47388,
                        45031,
                        42055,
                        39847,
                        22843,
                        5109,
                        4501,
                        3874,
                        725,
                        201,
                        119,
                        24,
                        36,
                        11,
                        11,
                        9,
                        0,
                        0,
                        0,
                        0,
                        0,
                        0
                    ],
                    [
                        0,
                        0,
                        0,
                        0,
                        0,
                        0,
                        3,
                        3,
                        4,
                        29,
                        102,
                        92,
                        247,
                        551,
                        3425,
                        3923,
                        4702,
                        19928,
                        34496,
                        36551,
                        38806,
                        41593,
                        44518,
                        45969,
                        46767,
                        47606,
                        46309,
                        44383,
                        42882,
                        40791,
                        38557,
                        36785,
                        20882,
                        4802,
                        4023,
                        3621,
                        572,
                        201,
                        122,
                        37,
                        30,
                        10,
                        22,
                        4,
                        0,
                        0,
                        0,
                        0,
                        0,
                        0
                    ],
                    [
                        0,
                        0,
                        0,
                        0,
                        0,
                        0,
                        3,
                        2,
                        10,
                        23,
                        71,
                        88,
                        204,
                        534,
                        3130,
                        3480,
                        4367,
                        18214,
                        31940,
                        33526,
                        35585,
                        38530,
                        40926,
                        42089,
                        42815,
                        43297,
                        42412,
                        40841,
                        39689,
                        38475,
                        35701,
                        33681,
                        19446,
                        4433,
                        3872,
                        3475,
                        573,
                        172,
                        145,
                        29,
                        35,
                        14,
                        14,
                        8,
                        0,
                        0,
                        0,
                        0,
                        0,
                        0
                    ],
                    [
                        0,
                        0,
                        0,
                        0,
                        0,
                        0,
                        5,
                        2,
                        10,
                        22,
                        76,
                        99,
                        193,
                        494,
                        2904,
                        3284,
                        3952,
                        16690,
                        29212,
                        30830,
                        32906,
                        35366,
                        38198,
                        38611,
                        39514,
                        39752,
                        39492,
                        37944,
                        36745,
                        35355,
                        32731,
                        31193,
                        17605,
                        4154,
                        3654,
                        3193,
                        512,
                        144,
                        116,
                        33,
                        26,
                        10,
                        11,
                        6,
                        0,
                        0,
                        0,
                        0,
                        0,
                        0
                    ],
                    [
                        0,
                        0,
                        0,
                        0,
                        0,
                        0,
                        2,
                        2,
                        15,
                        14,
                        63,
                        74,
                        165,
                        452,
                        2675,
                        3128,
                        3753,
                        15322,
                        26880,
                        28470,
                        30464,
                        32887,
                        35132,
                        35767,
                        37034,
                        37184,
                        36320,
                        35169,
                        33898,
                        32566,
                        30743,
                        28697,
                        16714,
                        3783,
                        3417,
                        3018,
                        456,
                        148,
                        105,
                        22,
                        24,
                        11,
                        19,
                        3,
                        0,
                        0,
                        0,
                        0,
                        0,
                        0
                    ],
                    [
                        0,
                        0,
                        0,
                        0,
                        0,
                        0,
                        3,
                        2,
                        6,
                        18,
                        57,
                        71,
                        153,
                        431,
                        2648,
                        2767,
                        3613,
                        14390,
                        25136,
                        26213,
                        28155,
                        30527,
                        32586,
                        33102,
                        33716,
                        34329,
                        33815,
                        32692,
                        31580,
                        30125,
                        28364,
                        26798,
                        15122,
                        3696,
                        3201,
                        2783,
                        465,
                        144,
                        98,
                        16,
                        13,
                        11,
                        10,
                        4,
                        0,
                        0,
                        0,
                        0,
                        0,
                        0
                    ],
                    [
                        0,
                        0,
                        0,
                        0,
                        0,
                        0,
                        6,
                        3,
                        8,
                        17,
                        58,
                        77,
                        172,
                        409,
                        2472,
                        2765,
                        3383,
                        13547,
                        23593,
                        24614,
                        26011,
                        28747,
                        30270,
                        31091,
                        31972,
                        31808,
                        31955,
                        30324,
                        29397,
                        28293,
                        26277,
                        24920,
                        14343,
                        3308,
                        2946,
                        2703,
                        422,
                        118,
                        87,
                        15,
                        21,
                        6,
                        10,
                        5,
                        0,
                        0,
                        0,
                        0,
                        0,
                        0
                    ],
                    [
                        0,
                        0,
                        0,
                        0,
                        0,
                        0,
                        2,
                        3,
                        6,
                        13,
                        60,
                        75,
                        160,
                        393,
                        2374,
                        2489,
                        3091,
                        12512,
                        21931,
                        23094,
                        24318,
                        26584,
                        28529,
                        29087,
                        29829,
                        29716,
                        29855,
                        28276,
                        27213,
                        26353,
                        24783,
                        23437,
                        13463,
                        3283,
                        2905,
                        2508,
                        400,
                        117,
                        85,
                        19,
                        16,
                        8,
                        11,
                        5,
                        0,
                        0,
                        0,
                        0,
                        0,
                        0
                    ],
                    [
                        0,
                        0,
                        0,
                        0,
                        0,
                        0,
                        10,
                        1,
                        11,
                        14,
                        56,
                        64,
                        134,
                        324,
                        2272,
                        2394,
                        2962,
                        11679,
                        20244,
                        21571,
                        22447,
                        24900,
                        26871,
                        27271,
                        27889,
                        27795,
                        27771,
                        26495,
                        25742,
                        24785,
                        22974,
                        21682,
                        12710,
                        3041,
                        2711,
                        2328,
                        419,
                        93,
                        84,
                        22,
                        27,
                        10,
                        6,
                        3,
                        0,
                        0,
                        0,
                        0,
                        0,
                        0
                    ],
                    [
                        0,
                        0,
                        0,
                        0,
                        0,
                        0,
                        4,
                        2,
                        7,
                        13,
                        55,
                        60,
                        125,
                        314,
                        2114,
                        2233,
                        2906,
                        10896,
                        19022,
                        19942,
                        21125,
                        23448,
                        24851,
                        25547,
                        26111,
                        26355,
                        26002,
                        24849,
                        24034,
                        23069,
                        21796,
                        20884,
                        11634,
                        2827,
                        2627,
                        2212,
                        403,
                        105,
                        66,
                        22,
                        15,
                        12,
                        9,
                        1,
                        0,
                        0,
                        0,
                        0,
                        0,
                        0
                    ],
                    [
                        0,
                        0,
                        0,
                        0,
                        0,
                        0,
                        9,
                        3,
                        8,
                        11,
                        48,
                        57,
                        114,
                        271,
                        2021,
                        2154,
                        2645,
                        10270,
                        17585,
                        18660,
                        19796,
                        21788,
                        23503,
                        23751,
                        24471,
                        24670,
                        24358,
                        23183,
                        22555,
                        21630,
                        20344,
                        19215,
                        11117,
                        2721,
                        2450,
                        2195,
                        343,
                        90,
                        90,
                        13,
                        14,
                        11,
                        8,
                        5,
                        0,
                        0,
                        0,
                        0,
                        0,
                        0
                    ],
                    [
                        0,
                        0,
                        0,
                        0,
                        0,
                        0,
                        2,
                        4,
                        8,
                        13,
                        65,
                        56,
                        148,
                        291,
                        1945,
                        1959,
                        2537,
                        9680,
                        16424,
                        18026,
                        18596,
                        20789,
                        21919,
                        22415,
                        23009,
                        23009,
                        22915,
                        22036,
                        20980,
                        20474,
                        19046,
                        18309,
                        10631,
                        2599,
                        2396,
                        2068,
                        333,
                        120,
                        62,
                        17,
                        18,
                        8,
                        6,
                        7,
                        0,
                        0,
                        0,
                        0,
                        0,
                        0
                    ],
                    [
                        0,
                        0,
                        0,
                        0,
                        0,
                        0,
                        4,
                        4,
                        4,
                        15,
                        52,
                        51,
                        99,
                        283,
                        1745,
                        1890,
                        2364,
                        9085,
                        15377,
                        16470,
                        17375,
                        19517,
                        21000,
                        21103,
                        21935,
                        22005,
                        21713,
                        20721,
                        19916,
                        19224,
                        18044,
                        17272,
                        9988,
                        2431,
                        2219,
                        2052,
                        335,
                        99,
                        85,
                        17,
                        17,
                        9,
                        12,
                        5,
                        0,
                        0,
                        0,
                        0,
                        0,
                        0
                    ],
                    [
                        0,
                        0,
                        0,
                        0,
                        0,
                        0,
                        251,
                        332,
                        472,
                        630,
                        814,
                        1646,
                        3137,
                        8452,
                        47234,
                        56424,
                        68109,
                        187557,
                        308672,
                        334110,
                        373216,
                        424516,
                        467261,
                        485542,
                        503193,
                        508289,
                        493263,
                        474770,
                        452395,
                        417638,
                        381897,
                        349414,
                        215252,
                        74911,
                        67900,
                        62476,
                        11830,
                        4181,
                        3262,
                        1035,
                        893,
                        478,
                        835,
                        369,
                        0,
                        0,
                        0,
                        0,
                        0,
                        0
                    ]
                ],
                "dtype": "int64",
                "shape": [
                    40,
                    50
                ]
            }
        },
        "epoch_count": 0,
        "learning_rate": 0.0,
        "test_accuracy": 0.09985977564102565,
        "test_loss": 48.00087508177146,
        "train_accuracy": 0.10186298076923077,
        "train_loss": 47.68785735888359,
        "valid_accuracy": 0.09915865384615384,
        "valid_loss": 47.86592537317521
    },
    "312": {
        "epoch_count": 1,
        "learning_rate": 0.0,
        "test_accuracy": 0.09985977564102565,
        "test_loss": 48.00087508177146,
        "train_accuracy": 0.09965945512820513,
        "train_loss": 47.85992294702775,
        "valid_accuracy": 0.0992588141025641,
        "valid_loss": 47.8563406039507
    }
}