{
    "testproblem": "imagenetraw_vgg16",
    "batch_size": 1,
    "num_epochs": 1,
    "random_seed": 42,
    "l2_reg": 0.0,
    "optimizer_name": "SGD",
    "optimizer_hyperparams": {
        "lr": 0.001
    },
    "train_losses": [],
    "valid_losses": [],
    "test_losses": [],
    "minibatch_train_losses": [
        6.90861701965332,
        6.907625198364258,
        6.9101972579956055,
        6.910265922546387,
        6.910438060760498,
        6.9060516357421875,
        6.909547805786133,
        6.906363010406494,
        6.909055233001709,
        6.906732559204102
    ],
    "train_accuracies": [],
    "valid_accuracies": [],
    "test_accuracies": []
}