{
    "testproblem": "imagenetscale255_vgg16",
    "batch_size": 1,
    "num_epochs": 1,
    "random_seed": 42,
    "l2_reg": 0.0,
    "optimizer_name": "SGD",
    "optimizer_hyperparams": {
        "lr": 0.001
    },
    "train_losses": [],
    "valid_losses": [],
    "test_losses": [],
    "minibatch_train_losses": [
        6.944660663604736,
        6.766322135925293,
        7.403039455413818,
        7.563779830932617,
        7.434577465057373,
        6.3494873046875,
        7.220669269561768,
        6.403144359588623,
        7.181897163391113,
        6.463662147521973
    ],
    "train_accuracies": [],
    "valid_accuracies": [],
    "test_accuracies": []
}