{
    "0": {
        "GradHist2d": {
            "edges": [
                {
                    "__ndarray__": [
                        -1.5,
                        -1.4249999523162842,
                        -1.350000023841858,
                        -1.274999976158142,
                        -1.2000000476837158,
                        -1.125,
                        -1.0499999523162842,
                        -0.9749999642372131,
                        -0.8999999761581421,
                        -0.824999988079071,
                        -0.75,
                        -0.6749999523162842,
                        -0.5999999642372131,
                        -0.5249999761581421,
                        -0.44999995827674866,
                        -0.3749999403953552,
                        -0.2999999523162842,
                        -0.22499994933605194,
                        -0.1499999463558197,
                        -0.07499994337558746,
                        -5.960464477539063e-08,
                        0.07499994337558746,
                        0.1499999463558197,
                        0.22499994933605194,
                        0.2999999523162842,
                        0.3749999403953552,
                        0.44999995827674866,
                        0.5249999761581421,
                        0.5999999642372131,
                        0.6749999523162842,
                        0.75,
                        0.824999988079071,
                        0.8999999761581421,
                        0.9749999642372131,
                        1.0499999523162842,
                        1.125,
                        1.2000000476837158,
                        1.274999976158142,
                        1.350000023841858,
                        1.4249999523162842,
                        1.5
                    ],
                    "dtype": "float32",
                    "shape": [
                        41
                    ]
                },
                {
                    "__ndarray__": [
                        -0.20000000298023224,
                        -0.19200000166893005,
                        -0.18400000035762787,
                        -0.17599999904632568,
                        -0.1679999977350235,
                        -0.1599999964237213,
                        -0.15199999511241913,
                        -0.14399999380111694,
                        -0.13600000739097595,
                        -0.12800000607967377,
                        -0.11999999731779099,
                        -0.1119999960064888,
                        -0.10400000214576721,
                        -0.09600000083446503,
                        -0.08799999952316284,
                        -0.07999999821186066,
                        -0.07199999690055847,
                        -0.06399999558925629,
                        -0.0559999942779541,
                        -0.047999996691942215,
                        -0.03999999538064003,
                        -0.031999994069337845,
                        -0.02399999462068081,
                        -0.015999995172023773,
                        -0.007999993860721588,
                        -6.51925802230835e-09,
                        0.007999993860721588,
                        0.015999995172023773,
                        0.02399999462068081,
                        0.031999994069337845,
                        0.03999999538064003,
                        0.047999996691942215,
                        0.0559999942779541,
                        0.06399999558925629,
                        0.07199999690055847,
                        0.07999999821186066,
                        0.08799999952316284,
                        0.09600000083446503,
                        0.10400000214576721,
                        0.1119999960064888,
                        0.11999999731779099,
                        0.12800000607967377,
                        0.13600000739097595,
                        0.14399999380111694,
                        0.15199999511241913,
                        0.1599999964237213,
                        0.1679999977350235,
                        0.17599999904632568,
                        0.18400000035762787,
                        0.19200000166893005,
                        0.20000000298023224
                    ],
                    "dtype": "float32",
                    "shape": [
                        51
                    ]
                }
            ],
            "hist": {
                "Corder": true,
                "__ndarray__": [
                    [
                        0,
                        0,
                        0,
                        0,
                        0,
                        0,
                        0,
                        0,
                        0,
                        0,
                        0,
                        0,
                        0,
                        0,
                        0,
                        0,
                        0,
                        0,
                        0,
                        0,
                        0,
                        0,
                        0,
                        6,
                        2,
                        1,
                        1,
                        3,
                        4,
                        3,
                        0,
                        0,
                        0,
                        0,
                        0,
                        0,
                        0,
                        0,
                        0,
                        0,
                        0,
                        0,
                        0,
                        0,
                        0,
                        0,
                        0,
                        0,
                        0,
                        0
                    ],
                    [
                        0,
                        0,
                        0,
                        0,
                        0,
                        0,
                        0,
                        0,
                        0,
                        0,
                        0,
                        0,
                        0,
                        0,
                        0,
                        0,
                        0,
                        0,
                        0,
                        0,
                        0,
                        1,
                        1,
                        0,
                        2,
                        0,
                        1,
                        0,
                        1,
                        0,
                        0,
                        0,
                        0,
                        0,
                        0,
                        0,
                        0,
                        0,
                        0,
                        0,
                        0,
                        0,
                        0,
                        0,
                        0,
                        0,
                        0,
                        0,
                        0,
                        0
                    ],
                    [
                        0,
                        0,
                        0,
                        0,
                        0,
                        0,
                        0,
                        0,
                        0,
                        0,
                        0,
                        0,
                        0,
                        0,
                        0,
                        0,
                        0,
                        0,
                        0,
                        0,
                        0,
                        1,
                        2,
                        1,
                        1,
                        2,
                        1,
                        3,
                        1,
                        0,
                        0,
                        0,
                        0,
                        0,
                        0,
                        0,
                        0,
                        0,
                        0,
                        0,
                        0,
                        0,
                        0,
                        0,
                        0,
                        0,
                        0,
                        0,
                        0,
                        0
                    ],
                    [
                        0,
                        0,
                        0,
                        0,
                        0,
                        0,
                        0,
                        0,
                        0,
                        0,
                        0,
                        0,
                        0,
                        0,
                        0,
                        0,
                        0,
                        0,
                        0,
                        0,
                        1,
                        2,
                        2,
                        1,
                        1,
                        3,
                        1,
                        0,
                        0,
                        0,
                        0,
                        0,
                        0,
                        0,
                        0,
                        0,
                        0,
                        0,
                        0,
                        0,
                        0,
                        0,
                        0,
                        0,
                        0,
                        0,
                        0,
                        0,
                        0,
                        0
                    ],
                    [
                        0,
                        0,
                        0,
                        0,
                        0,
                        0,
                        0,
                        0,
                        0,
                        0,
                        0,
                        0,
                        0,
                        0,
                        0,
                        0,
                        0,
                        0,
                        0,
                        0,
                        0,
                        1,
                        2,
                        2,
                        2,
                        1,
                        0,
                        1,
                        2,
                        1,
                        0,
                        0,
                        0,
                        0,
                        0,
                        0,
                        0,
                        0,
                        0,
                        0,
                        0,
                        0,
                        0,
                        0,
                        0,
                        0,
                        0,
                        0,
                        0,
                        0
                    ],
                    [
                        0,
                        0,
                        0,
                        0,
                        0,
                        0,
                        0,
                        0,
                        0,
                        0,
                        0,
                        0,
                        0,
                        0,
                        0,
                        0,
                        0,
                        0,
                        0,
                        0,
                        1,
                        3,
                        3,
                        5,
                        4,
                        1,
                        1,
                        0,
                        4,
                        1,
                        0,
                        0,
                        0,
                        0,
                        0,
                        0,
                        0,
                        0,
                        0,
                        0,
                        0,
                        0,
                        0,
                        0,
                        0,
                        0,
                        0,
                        0,
                        0,
                        0
                    ],
                    [
                        0,
                        0,
                        0,
                        0,
                        0,
                        0,
                        0,
                        0,
                        0,
                        0,
                        0,
                        0,
                        0,
                        0,
                        0,
                        0,
                        0,
                        0,
                        0,
                        0,
                        0,
                        3,
                        3,
                        4,
                        4,
                        3,
                        1,
                        3,
                        0,
                        0,
                        0,
                        0,
                        0,
                        0,
                        0,
                        0,
                        0,
                        0,
                        0,
                        0,
                        0,
                        0,
                        0,
                        0,
                        0,
                        0,
                        0,
                        0,
                        0,
                        0
                    ],
                    [
                        0,
                        0,
                        0,
                        0,
                        0,
                        0,
                        0,
                        0,
                        0,
                        0,
                        0,
                        0,
                        0,
                        0,
                        0,
                        0,
                        0,
                        0,
                        0,
                        0,
                        3,
                        0,
                        1,
                        3,
                        2,
                        6,
                        6,
                        4,
                        2,
                        0,
                        0,
                        0,
                        0,
                        0,
                        0,
                        0,
                        0,
                        0,
                        0,
                        0,
                        0,
                        0,
                        0,
                        0,
                        0,
                        0,
                        0,
                        0,
                        0,
                        0
                    ],
                    [
                        0,
                        0,
                        0,
                        0,
                        0,
                        0,
                        0,
                        0,
                        0,
                        0,
                        0,
                        0,
                        0,
                        0,
                        0,
                        0,
                        0,
                        0,
                        0,
                        0,
                        1,
                        4,
                        6,
                        6,
                        5,
                        6,
                        3,
                        4,
                        8,
                        2,
                        0,
                        0,
                        0,
                        0,
                        0,
                        0,
                        0,
                        0,
                        0,
                        0,
                        0,
                        0,
                        0,
                        0,
                        0,
                        0,
                        0,
                        0,
                        0,
                        0
                    ],
                    [
                        0,
                        0,
                        0,
                        0,
                        0,
                        0,
                        0,
                        0,
                        0,
                        0,
                        0,
                        0,
                        0,
                        0,
                        0,
                        0,
                        0,
                        0,
                        0,
                        0,
                        4,
                        4,
                        8,
                        8,
                        3,
                        5,
                        9,
                        6,
                        5,
                        2,
                        0,
                        0,
                        0,
                        0,
                        0,
                        0,
                        0,
                        0,
                        0,
                        0,
                        0,
                        0,
                        0,
                        0,
                        0,
                        0,
                        0,
                        0,
                        0,
                        0
                    ],
                    [
                        0,
                        0,
                        0,
                        0,
                        0,
                        0,
                        0,
                        0,
                        0,
                        0,
                        0,
                        0,
                        0,
                        0,
                        0,
                        0,
                        0,
                        0,
                        0,
                        0,
                        3,
                        8,
                        6,
                        8,
                        6,
                        2,
                        10,
                        7,
                        7,
                        1,
                        0,
                        0,
                        0,
                        0,
                        0,
                        0,
                        0,
                        0,
                        0,
                        0,
                        0,
                        0,
                        0,
                        0,
                        0,
                        0,
                        0,
                        0,
                        0,
                        0
                    ],
                    [
                        0,
                        0,
                        0,
                        0,
                        0,
                        0,
                        0,
                        0,
                        0,
                        0,
                        0,
                        0,
                        0,
                        0,
                        0,
                        0,
                        0,
                        0,
                        0,
                        0,
                        2,
                        3,
                        6,
                        3,
                        9,
                        4,
                        6,
                        3,
                        8,
                        0,
                        0,
                        0,
                        0,
                        0,
                        0,
                        0,
                        0,
                        0,
                        0,
                        0,
                        0,
                        0,
                        0,
                        0,
                        0,
                        0,
                        0,
                        0,
                        0,
                        0
                    ],
                    [
                        0,
                        0,
                        0,
                        0,
                        0,
                        0,
                        0,
                        0,
                        0,
                        0,
                        0,
                        0,
                        0,
                        0,
                        0,
                        0,
                        0,
                        0,
                        0,
                        0,
                        3,
                        12,
                        6,
                        4,
                        7,
                        5,
                        5,
                        8,
                        10,
                        2,
                        0,
                        0,
                        0,
                        0,
                        0,
                        0,
                        0,
                        0,
                        0,
                        0,
                        0,
                        0,
                        0,
                        0,
                        0,
                        0,
                        0,
                        0,
                        0,
                        0
                    ],
                    [
                        0,
                        0,
                        0,
                        0,
                        0,
                        0,
                        0,
                        0,
                        0,
                        0,
                        0,
                        0,
                        0,
                        0,
                        0,
                        0,
                        0,
                        0,
                        0,
                        0,
                        3,
                        6,
                        11,
                        7,
                        8,
                        10,
                        10,
                        11,
                        6,
                        1,
                        0,
                        0,
                        0,
                        0,
                        0,
                        0,
                        0,
                        0,
                        0,
                        0,
                        0,
                        0,
                        0,
                        0,
                        0,
                        0,
                        0,
                        0,
                        0,
                        0
                    ],
                    [
                        0,
                        0,
                        0,
                        0,
                        0,
                        0,
                        0,
                        0,
                        0,
                        0,
                        0,
                        0,
                        0,
                        0,
                        0,
                        0,
                        0,
                        0,
                        0,
                        0,
                        1,
                        7,
                        9,
                        8,
                        7,
                        10,
                        13,
                        5,
                        10,
                        4,
                        0,
                        0,
                        0,
                        0,
                        0,
                        0,
                        0,
                        0,
                        0,
                        0,
                        0,
                        0,
                        0,
                        0,
                        0,
                        0,
                        0,
                        0,
                        0,
                        0
                    ],
                    [
                        0,
                        0,
                        0,
                        0,
                        0,
                        0,
                        0,
                        0,
                        0,
                        0,
                        0,
                        0,
                        0,
                        0,
                        0,
                        0,
                        0,
                        0,
                        0,
                        0,
                        4,
                        11,
                        7,
                        12,
                        13,
                        12,
                        9,
                        6,
                        12,
                        5,
                        0,
                        0,
                        0,
                        0,
                        0,
                        0,
                        0,
                        0,
                        0,
                        0,
                        0,
                        0,
                        0,
                        0,
                        0,
                        0,
                        0,
                        0,
                        0,
                        0
                    ],
                    [
                        0,
                        0,
                        0,
                        0,
                        0,
                        0,
                        0,
                        0,
                        0,
                        0,
                        0,
                        0,
                        0,
                        0,
                        0,
                        0,
                        0,
                        0,
                        0,
                        0,
                        4,
                        12,
                        8,
                        23,
                        13,
                        17,
                        17,
                        25,
                        8,
                        6,
                        1,
                        0,
                        1,
                        1,
                        0,
                        1,
                        0,
                        0,
                        0,
                        0,
                        0,
                        0,
                        0,
                        0,
                        0,
                        0,
                        0,
                        0,
                        0,
                        0
                    ],
                    [
                        0,
                        0,
                        0,
                        0,
                        0,
                        0,
                        0,
                        0,
                        0,
                        1,
                        0,
                        1,
                        0,
                        2,
                        2,
                        3,
                        1,
                        3,
                        11,
                        11,
                        35,
                        75,
                        136,
                        225,
                        289,
                        258,
                        216,
                        145,
                        65,
                        45,
                        26,
                        10,
                        6,
                        6,
                        1,
                        0,
                        2,
                        1,
                        1,
                        1,
                        0,
                        1,
                        0,
                        1,
                        0,
                        0,
                        0,
                        0,
                        0,
                        0
                    ],
                    [
                        0,
                        0,
                        0,
                        0,
                        0,
                        0,
                        0,
                        0,
                        2,
                        0,
                        3,
                        0,
                        2,
                        5,
                        10,
                        13,
                        30,
                        42,
                        91,
                        246,
                        619,
                        1759,
                        3745,
                        7399,
                        9640,
                        9802,
                        7883,
                        4256,
                        1965,
                        747,
                        321,
                        122,
                        72,
                        36,
                        22,
                        18,
                        8,
                        4,
                        2,
                        4,
                        2,
                        1,
                        1,
                        0,
                        0,
                        0,
                        0,
                        0,
                        0,
                        0
                    ],
                    [
                        1,
                        0,
                        0,
                        0,
                        0,
                        0,
                        4,
                        10,
                        14,
                        12,
                        49,
                        61,
                        144,
                        304,
                        588,
                        1053,
                        2157,
                        4785,
                        11879,
                        33952,
                        97734,
                        283511,
                        622968,
                        2752384,
                        3510875,
                        3520352,
                        2782177,
                        628661,
                        286418,
                        98541,
                        33979,
                        11880,
                        4699,
                        2148,
                        1016,
                        527,
                        264,
                        145,
                        77,
                        37,
                        19,
                        14,
                        11,
                        3,
                        6,
                        0,
                        0,
                        1,
                        0,
                        0
                    ],
                    [
                        1,
                        0,
                        0,
                        2,
                        4,
                        3,
                        5,
                        7,
                        20,
                        29,
                        57,
                        83,
                        187,
                        315,
                        624,
                        1252,
                        2556,
                        5722,
                        14927,
                        43687,
                        267762,
                        1740752,
                        3632058,
                        25106604,
                        31001722,
                        30977299,
                        25082008,
                        3618590,
                        1738669,
                        267175,
                        42983,
                        15061,
                        5636,
                        2566,
                        1243,
                        569,
                        305,
                        161,
                        89,
                        55,
                        22,
                        16,
                        11,
                        6,
                        3,
                        0,
                        1,
                        1,
                        0,
                        1
                    ],
                    [
                        0,
                        0,
                        0,
                        1,
                        0,
                        2,
                        1,
                        0,
                        3,
                        0,
                        3,
                        1,
                        3,
                        7,
                        8,
                        18,
                        22,
                        43,
                        113,
                        225,
                        600,
                        1634,
                        3553,
                        6723,
                        8909,
                        9072,
                        7220,
                        3856,
                        1864,
                        708,
                        304,
                        126,
                        70,
                        44,
                        18,
                        14,
                        13,
                        4,
                        7,
                        4,
                        3,
                        1,
                        0,
                        1,
                        0,
                        0,
                        0,
                        0,
                        0,
                        0
                    ],
                    [
                        0,
                        0,
                        0,
                        0,
                        0,
                        0,
                        0,
                        0,
                        0,
                        0,
                        1,
                        0,
                        4,
                        1,
                        2,
                        1,
                        3,
                        4,
                        3,
                        9,
                        23,
                        27,
                        49,
                        91,
                        155,
                        143,
                        134,
                        84,
                        57,
                        16,
                        18,
                        13,
                        11,
                        9,
                        5,
                        4,
                        2,
                        0,
                        0,
                        0,
                        2,
                        0,
                        0,
                        0,
                        0,
                        1,
                        0,
                        0,
                        0,
                        0
                    ],
                    [
                        0,
                        0,
                        0,
                        0,
                        0,
                        0,
                        0,
                        0,
                        0,
                        0,
                        0,
                        0,
                        0,
                        1,
                        0,
                        1,
                        0,
                        1,
                        1,
                        1,
                        3,
                        4,
                        1,
                        2,
                        3,
                        7,
                        2,
                        1,
                        2,
                        2,
                        3,
                        1,
                        2,
                        1,
                        0,
                        0,
                        0,
                        0,
                        1,
                        0,
                        0,
                        0,
                        0,
                        0,
                        0,
                        0,
                        0,
                        0,
                        0,
                        0
                    ],
                    [
                        0,
                        0,
                        0,
                        0,
                        0,
                        0,
                        0,
                        0,
                        0,
                        0,
                        0,
                        0,
                        0,
                        0,
                        0,
                        0,
                        0,
                        0,
                        0,
                        0,
                        0,
                        0,
                        0,
                        0,
                        0,
                        0,
                        0,
                        0,
                        0,
                        0,
                        0,
                        0,
                        0,
                        0,
                        0,
                        0,
                        0,
                        0,
                        0,
                        0,
                        0,
                        0,
                        0,
                        0,
                        0,
                        0,
                        0,
                        0,
                        0,
                        0
                    ],
                    [
                        0,
                        0,
                        0,
                        0,
                        0,
                        0,
                        0,
                        0,
                        0,
                        0,
                        0,
                        0,
                        0,
                        0,
                        0,
                        0,
                        0,
                        0,
                        0,
                        0,
                        0,
                        0,
                        0,
                        0,
                        0,
                        0,
                        0,
                        0,
                        0,
                        0,
                        0,
                        0,
                        0,
                        0,
                        0,
                        0,
                        0,
                        0,
                        0,
                        0,
                        0,
                        0,
                        0,
                        0,
                        0,
                        0,
                        0,
                        0,
                        0,
                        0
                    ],
                    [
                        0,
                        0,
                        0,
                        0,
                        0,
                        0,
                        0,
                        0,
                        0,
                        0,
                        0,
                        0,
                        0,
                        0,
                        0,
                        0,
                        0,
                        0,
                        0,
                        0,
                        0,
                        0,
                        0,
                        0,
                        0,
                        0,
                        0,
                        0,
                        0,
                        0,
                        0,
                        0,
                        0,
                        0,
                        0,
                        0,
                        0,
                        0,
                        0,
                        0,
                        0,
                        0,
                        0,
                        0,
                        0,
                        0,
                        0,
                        0,
                        0,
                        0
                    ],
                    [
                        0,
                        0,
                        0,
                        0,
                        0,
                        0,
                        0,
                        0,
                        0,
                        0,
                        0,
                        0,
                        0,
                        0,
                        0,
                        0,
                        0,
                        0,
                        0,
                        0,
                        0,
                        0,
                        0,
                        0,
                        0,
                        0,
                        0,
                        0,
                        0,
                        0,
                        0,
                        0,
                        0,
                        0,
                        0,
                        0,
                        0,
                        0,
                        0,
                        0,
                        0,
                        0,
                        0,
                        0,
                        0,
                        0,
                        0,
                        0,
                        0,
                        0
                    ],
                    [
                        0,
                        0,
                        0,
                        0,
                        0,
                        0,
                        0,
                        0,
                        0,
                        0,
                        0,
                        0,
                        0,
                        0,
                        0,
                        0,
                        0,
                        0,
                        0,
                        0,
                        0,
                        0,
                        0,
                        0,
                        0,
                        0,
                        0,
                        0,
                        0,
                        0,
                        0,
                        0,
                        0,
                        0,
                        0,
                        0,
                        0,
                        0,
                        0,
                        0,
                        0,
                        0,
                        0,
                        0,
                        0,
                        0,
                        0,
                        0,
                        0,
                        0
                    ],
                    [
                        0,
                        0,
                        0,
                        0,
                        0,
                        0,
                        0,
                        0,
                        0,
                        0,
                        0,
                        0,
                        0,
                        0,
                        0,
                        0,
                        0,
                        0,
                        0,
                        0,
                        0,
                        0,
                        0,
                        0,
                        0,
                        0,
                        0,
                        0,
                        0,
                        0,
                        0,
                        0,
                        0,
                        0,
                        0,
                        0,
                        0,
                        0,
                        0,
                        0,
                        0,
                        0,
                        0,
                        0,
                        0,
                        0,
                        0,
                        0,
                        0,
                        0
                    ],
                    [
                        0,
                        0,
                        0,
                        0,
                        0,
                        0,
                        0,
                        0,
                        0,
                        0,
                        0,
                        0,
                        0,
                        0,
                        0,
                        0,
                        0,
                        0,
                        0,
                        0,
                        0,
                        0,
                        0,
                        0,
                        0,
                        0,
                        0,
                        0,
                        0,
                        0,
                        0,
                        0,
                        0,
                        0,
                        0,
                        0,
                        0,
                        0,
                        0,
                        0,
                        0,
                        0,
                        0,
                        0,
                        0,
                        0,
                        0,
                        0,
                        0,
                        0
                    ],
                    [
                        0,
                        0,
                        0,
                        0,
                        0,
                        0,
                        0,
                        0,
                        0,
                        0,
                        0,
                        0,
                        0,
                        0,
                        0,
                        0,
                        0,
                        0,
                        0,
                        0,
                        0,
                        0,
                        0,
                        0,
                        0,
                        0,
                        0,
                        0,
                        0,
                        0,
                        0,
                        0,
                        0,
                        0,
                        0,
                        0,
                        0,
                        0,
                        0,
                        0,
                        0,
                        0,
                        0,
                        0,
                        0,
                        0,
                        0,
                        0,
                        0,
                        0
                    ],
                    [
                        0,
                        0,
                        0,
                        0,
                        0,
                        0,
                        0,
                        0,
                        0,
                        0,
                        0,
                        0,
                        0,
                        0,
                        0,
                        0,
                        0,
                        0,
                        0,
                        0,
                        0,
                        0,
                        0,
                        0,
                        0,
                        0,
                        0,
                        0,
                        0,
                        0,
                        0,
                        0,
                        0,
                        0,
                        0,
                        0,
                        0,
                        0,
                        0,
                        0,
                        0,
                        0,
                        0,
                        0,
                        0,
                        0,
                        0,
                        0,
                        0,
                        0
                    ],
                    [
                        0,
                        0,
                        0,
                        0,
                        0,
                        0,
                        0,
                        0,
                        0,
                        0,
                        0,
                        0,
                        0,
                        0,
                        0,
                        0,
                        0,
                        0,
                        0,
                        0,
                        0,
                        0,
                        0,
                        0,
                        0,
                        0,
                        0,
                        0,
                        0,
                        0,
                        0,
                        0,
                        0,
                        0,
                        0,
                        0,
                        0,
                        0,
                        0,
                        0,
                        0,
                        0,
                        0,
                        0,
                        0,
                        0,
                        0,
                        0,
                        0,
                        0
                    ],
                    [
                        0,
                        0,
                        0,
                        0,
                        0,
                        0,
                        0,
                        0,
                        0,
                        0,
                        0,
                        0,
                        0,
                        0,
                        0,
                        0,
                        0,
                        0,
                        0,
                        0,
                        0,
                        0,
                        0,
                        0,
                        0,
                        0,
                        0,
                        0,
                        0,
                        0,
                        0,
                        0,
                        0,
                        0,
                        0,
                        0,
                        0,
                        0,
                        0,
                        0,
                        0,
                        0,
                        0,
                        0,
                        0,
                        0,
                        0,
                        0,
                        0,
                        0
                    ],
                    [
                        0,
                        0,
                        0,
                        0,
                        0,
                        0,
                        0,
                        0,
                        0,
                        0,
                        0,
                        0,
                        0,
                        0,
                        0,
                        0,
                        0,
                        0,
                        0,
                        0,
                        0,
                        0,
                        0,
                        0,
                        0,
                        0,
                        0,
                        0,
                        0,
                        0,
                        0,
                        0,
                        0,
                        0,
                        0,
                        0,
                        0,
                        0,
                        0,
                        0,
                        0,
                        0,
                        0,
                        0,
                        0,
                        0,
                        0,
                        0,
                        0,
                        0
                    ],
                    [
                        0,
                        0,
                        0,
                        0,
                        0,
                        0,
                        0,
                        0,
                        0,
                        0,
                        0,
                        0,
                        0,
                        0,
                        0,
                        0,
                        0,
                        0,
                        0,
                        0,
                        0,
                        0,
                        0,
                        0,
                        0,
                        0,
                        0,
                        0,
                        0,
                        0,
                        0,
                        0,
                        0,
                        0,
                        0,
                        0,
                        0,
                        0,
                        0,
                        0,
                        0,
                        0,
                        0,
                        0,
                        0,
                        0,
                        0,
                        0,
                        0,
                        0
                    ],
                    [
                        0,
                        0,
                        0,
                        0,
                        0,
                        0,
                        0,
                        0,
                        0,
                        0,
                        0,
                        0,
                        0,
                        0,
                        0,
                        0,
                        0,
                        0,
                        0,
                        0,
                        0,
                        0,
                        0,
                        0,
                        0,
                        0,
                        0,
                        0,
                        0,
                        0,
                        0,
                        0,
                        0,
                        0,
                        0,
                        0,
                        0,
                        0,
                        0,
                        0,
                        0,
                        0,
                        0,
                        0,
                        0,
                        0,
                        0,
                        0,
                        0,
                        0
                    ],
                    [
                        0,
                        0,
                        0,
                        0,
                        0,
                        0,
                        0,
                        0,
                        0,
                        0,
                        0,
                        0,
                        0,
                        0,
                        0,
                        0,
                        0,
                        0,
                        0,
                        0,
                        0,
                        0,
                        0,
                        0,
                        0,
                        0,
                        0,
                        0,
                        0,
                        0,
                        0,
                        0,
                        0,
                        0,
                        0,
                        0,
                        0,
                        0,
                        0,
                        0,
                        0,
                        0,
                        0,
                        0,
                        0,
                        0,
                        0,
                        0,
                        0,
                        0
                    ],
                    [
                        0,
                        0,
                        0,
                        0,
                        0,
                        0,
                        0,
                        0,
                        0,
                        0,
                        0,
                        0,
                        0,
                        0,
                        0,
                        0,
                        0,
                        0,
                        0,
                        0,
                        0,
                        0,
                        0,
                        0,
                        0,
                        0,
                        0,
                        0,
                        0,
                        0,
                        0,
                        0,
                        0,
                        0,
                        0,
                        0,
                        0,
                        0,
                        0,
                        0,
                        0,
                        0,
                        0,
                        0,
                        0,
                        0,
                        0,
                        0,
                        0,
                        0
                    ]
                ],
                "dtype": "int64",
                "shape": [
                    40,
                    50
                ]
            }
        }
    }
}